ACCESSION_NUMBER	SERIES_NAME	SERIES_ID	SERIES_LEI	TOTAL_ASSETS	TOTAL_LIABILITIES	NET_ASSETS	ASSETS_ATTRBT_TO_MISC_SECURITY	ASSETS_INVESTED	BORROWING_PAY_WITHIN_1YR	CTRLD_COMPANIES_PAY_WITHIN_1YR	OTHER_AFFILIA_PAY_WITHIN_1YR	OTHER_PAY_WITHIN_1YR	BORROWING_PAY_AFTER_1YR	CTRLD_COMPANIES_PAY_AFTER_1YR	OTHER_AFFILIA_PAY_AFTER_1YR	OTHER_PAY_AFTER_1YR	DELAYED_DELIVERY	STANDBY_COMMITMENT	LIQUIDATION_PREFERENCE	CASH_NOT_RPTD_IN_C_OR_D	CREDIT_SPREAD_3MON_INVEST	CREDIT_SPREAD_1YR_INVEST	CREDIT_SPREAD_5YR_INVEST	CREDIT_SPREAD_10YR_INVEST	CREDIT_SPREAD_30YR_INVEST	CREDIT_SPREAD_3MON_NONINVEST	CREDIT_SPREAD_1YR_NONINVEST	CREDIT_SPREAD_5YR_NONINVEST	CREDIT_SPREAD_10YR_NONINVEST	CREDIT_SPREAD_30YR_NONINVEST	IS_NON_CASH_COLLATERAL	NET_REALIZE_GAIN_NONDERIV_MON1	NET_UNREALIZE_AP_NONDERIV_MON1	NET_REALIZE_GAIN_NONDERIV_MON2	NET_UNREALIZE_AP_NONDERIV_MON2	NET_REALIZE_GAIN_NONDERIV_MON3	NET_UNREALIZE_AP_NONDERIV_MON3	SALES_FLOW_MON1	REINVESTMENT_FLOW_MON1	REDEMPTION_FLOW_MON1	SALES_FLOW_MON2	REINVESTMENT_FLOW_MON2	REDEMPTION_FLOW_MON2	SALES_FLOW_MON3	REINVESTMENT_FLOW_MON3	REDEMPTION_FLOW_MON3
0001410368-25-031937	SPDR Portfolio Developed World ex- US ETF	S000014038	549300NVXJXJCDK35U34	31146099888.52	857404307.65	30288695580.87	0	0	0	0	0	0	0	0	0	0	0	0	0	74980363.67											Y	8633705.69	-232620134.96	-1338575.79	1100587565.96	45293165.36	569856976.01	72802765.4	0	0	1077563629.2	0	0	445958200.8	0	0
0000035402-25-002155	Fidelity Freedom 2035 Fund	S000004874	SN49VWLOWRLAK4D6YL71	31036421910.43	15968975.69	31020452934.74	0	0	0	0	0	0	0	0	0	0	0	0	0	14620.86											N	93068788.64	94482591.03	52724218.41	409512229.78	31101782.7	772767429.66	1044433384.63	870.84	1075765225.05	429133180.38	44.87	508535570.3	536682756.31	0	412670653.47
0001084380-25-000525	Nuveen Equity Index Fund	S000005360	5493008XKF5QLPMT8X42	56289045575	185405154	56103640421	0	0	0	0	0	0	0	0	0	0	0	0	0	0											Y	-3289064.22	1175834362.24	266697986.13	1515825844.15	1673540.21	1116906885.44	104724078	0	640906813	279287374	0	2054275479	349435783	0	147673311
0002071691-25-007667	BlackRock Strategic Income Opportunities Portfolio	S000062358	WMEVRQ7LCLDEFWERGI49	81921088128.55	37833883773.73	44087204354.82	0	254946814.68	723494884.60000002	0	0	0	0	0	0	0	0	0	0	155827379.31	1810883.66	468095.83	3821879.9	3255120.72	1873502.56	575184.41	1665990.79	6676654.16	670616.79	-286063.21	N	196111829.88	-741043673.75	109513755.26000001	477090889.77	240355668.16	16228137.77	1040163666.4	154815936.63999999	791401927.35000002	742196764.55999994	157171134.97999999	453303480.92000002	945415569.95000005	153734787.62	711404574.26999998
0001099263-25-004476	PIMCO Long Duration Credit Bond Portfolio	S000024285	ARRW3S61ZWIBB3UOV031	39060117617.54	11967160243.05	27092957374.49	0	0	2406327578.65	0	0	0	0	0	0	0	270300000	0	0	0	9916902.0603	843476.4197	5987228.358	13539685.2602	1983658.3921	10163.1915	16332.4034	-53613.7293	-48862.4277	1213.1858	N	-5028714.72	-160256643.96	-49152216.86	206123675.07	52923129.55	549331792.14	479893520	0	448656634.7	523468422	0	641575960.87	625471242	336265223.48	593112562.35
0001099263-25-003640	T. Rowe Price Value Fund, Inc.	S000002125	TLDUHX6EEOQ43DDR8861	30377268167.569996	31772250.73	30345495916.839996	0	0	0	0	0	0	0	0	0	0	0	0	0	.23	0	0	0	0	0	0	0	0	0	0	N	109427698.12	-182326559.67	56230467.05	830829494.91	23770240.3	166245581.22	159715677.16	0	419443713.970001	105033367.7	.55	266739987.09	150118596.58	0	433839822.08
0001410368-25-040405	THE U.S. LARGE CAP VALUE SERIES	S000000993	549300FSBWIICBG2B093	29158203722	866940860.3	28291262861.7	0	0	0	0	0	0	0	0	0	0	0	0	0	7593903.53											Y	673319933.16	472581194.15	394953757.09	-101563708.45	281952630.33	-313210592.85	1050505094.86	0	1269792721.73	11814542253.26	0	1299916957.19	633301713.94	0	956090012.3
0001410368-25-032006	The Communication Services Select Sector SPDR Fund	S000062095	549300RPODKQJE2HDW24	27568564086.5	424615466.44	27143948620.06	0	0	0	0	0	0	0	0	0	0	0	0	0	895523.76											Y	273840741.13	-552447563.54	1410098801.87	-520953962.62	792515732.57	877791532.88	1215004263.55	0	1135312461.4	5359492750.5	0	4975537711.1	2564590532.4	0	2198281909.35
0001410368-25-032043	SPDR Portfolio S&P 500 Value ETF	S000006985	549300Q000TDS51V8H46	29743743229.82	40105424.19	29703637805.63	0	0	0	0	0	0	0	0	0	0	0	0	0	0											Y	124623810.05	78325916.09	11103771.73	869239046.91	5815477.9	450966079.91	969110786.9	0	706373984	268921304.25	0	111155588.75	1391988287.55	0	218596088.65
0001193125-25-334202	American Mutual Fund	S000008999	QURFUUOMKQ61ME3JJZ05	110936102513.18	96825884.53	110839276628.65	0	0	0	0	0	0	0	0	0	0	0	0	0	0											Y	311206850.1	1348278067.74	483893536.43	1908405844.29	903193614.24	-1368061234.47	710471389.79	-191.02	1797265946.74	871088848.76	426235480.51	1091504283.15	773045842.88	98.9	1376792679.73
0000752177-25-000262	VANGUARD TARGET RETIREMENT 2045 FUND	S000002574	NJLNJ63U3PH5KVZDK159	105574377407.14	0	105574377407.14	0	0	0	0	0	0	0	0	0	0	0	0	0	33050871.4											N	116076769.52	611078880.31	97722020.4	2527616997.06	104897698.99	2702162386.16	921968170.310003	0	962344149.8	898932956.009994	0	888150513.67	1147030029.38	0	1212838538.97
0001410368-25-017274	Schwab International Equity ETF	S000026637	5493003PP4X6ZGIBL520	50510169290.06	65958108.38	50444211181.68	0	0	0	0	0	0	0	0	0	0	0	0	0	56857092.32											N	29997005.24	1246591303.24	645905.54	-426545840.14	224007843.34	1693498145.07	487493228.6	0	253925774.8	154332262	0	0	261028504.2	0	438310560
0000035402-25-001351	Fidelity Balanced Fund	S000007151	5NCPRZKCR0G35RBL8R56	58907829077.68	145208804.87	58762620272.81	0	0	0	0	0	0	0	0	0	0	0	0	0	79380929.71											N	151706768.07	2048654679.44	193890854.11	672844713.4	3667858.64	819903308.56	504018814.8	6.38	851918787.55	619124192.91	249242153.83	900142371.32	513689900.43	340.54	779156473.12
0001021882-25-000204	VANGUARD INTERMEDIATE-TERM TREASURY INDEX FUND	S000026860	EXTYRSF8KFFBG36DJS06	40671796043.57	37653968.79	40634142074.78	0	0	0	0	0	0	0	0	0	0	0	0	0	0	0	0	0	0	0	0	0	0	0	0	N	-810208.05	349235229.08	-2490734.18	-289905539.9	-8890523.39	479714294.52	494237873.449997	23072401.26	503287889.46	663162084.510002	22267196.1	237042189.84	735615933.050003	22855980.47	427738803.8
0001410368-25-022019	TCW METWEST TOTAL RETURN BOND FUND	S000001147	549300APUP7QV16M4J34	36065102341.06	3771320750.04	32293781591.02	0	181224780.33	0	0	0	0	0	0	0	0	87290656.26	0	0	131000353.45	-25997.3	-449305.73	-1255927.63	-1324312.44	-377758.69	-14012.32	-291264.53	-631731.6	-318777.64	-31757.46	N	-15047751.93	-178878297.87	82849249.31	207102648.45	100187447.11	139903232.61	535414067.65	100226638.72	613057764.88	374349402.73	83626128.82	889614427.2	399685029.11	69157774.59	863009763.09
0002071691-25-007650	BlackRock High Yield Portfolio	S000062360	WQRM1OQN8T6C66OJE702	28651786894.85	946786769.51	27705000125.34	0	0	0	0	0	0	0	0	0	0	0	0	0	147883085.66999999	8868.46	1490.29	298461.55	162021.23	44790.74	818474.91	724753.24	6287890.76	376078.66	143855.39	N	16725883.86999999	-26866421.03	34326234.61999999	127333422.83	23205512.69999999	25845211.95	979741824.55999994	138990648.12	843005633.57000005	714570524.39999998	146597790.41	744583929.67999995	522032033.20999998	147506375.13	589750466.87
0000035402-25-002966	Fidelity OTC Portfolio	S000007191	H85U4NUC6Y0W1G00M263	36229430296.97	47338362.48	36182091934.49	0	0	0	0	0	0	0	0	0	0	0	0	0	876232.23											Y	822027278.06	-389066115.11	288943016.02	1616492530.35	438719589.32	1418782061.64	118503939.98	0	333531386.38	151948960.33	1366219935.07	388442469.17	150578321.56	-243.73	393360418.03
0001193125-25-334094	American Funds 2035 Target Date Retirement Fund	S000015560	549300KINRER27RKB196	53828529864.97	64547534.95	53763982330.02	0	0	0	0	0	0	0	0	0	0	0	0	0	0											N	38980490.42	903965941.72	57297167.27	849987837.22	74748060.16	507349402.36	662075370.67	-33.02	833657664.97	698357058.99	-28.13	909193074.7	716304241.86	895.34	1029686076.81
0002071691-25-003738	iShares National Muni Bond ETF	S000018861	549300H21FUYFQW9N157	38799814475	172560573.89	38627253901.11	0	0	0	0	0	0	0	0	0	0	0	0	0	0	110617.99	1812038.75	11115912.18	9360097.53	5814967.62	484.13	8084.86	4986.45	0	0	N	-22848891.73999999	165935093.34	-29096879.19999999	-171527473.08	-7470527.25999999	215463047.26	250105794.84	0	548104207.29999995	601922921.97000003	0	570035404.29999995	260350585.06999999	0	291423022.19999999
0000036405-25-000242	VANGUARD SMALL-CAP INDEX FUND	S000002845	HZKQM2YGJWB4I8NIZL49	162672767493.7	219370425.19	162453397068.51	0	0	0	0	0	0	0	0	0	0	0	0	0	276635571.12											N	1025153723.25	1692531784.29	81268465.23	6771688092.21	69833465.03	1250761089.87	1029663674.06	273855035.55	3026758232.23	1331695130.04999	2.44	1378356561.29	3417005666.07001	273336040.14	3554000169.51
0001410368-25-031954	The Financial Select Sector SPDR Fund	S000006411	549300Y12KQ6ZG08NY28	54085169601.05	64624069.49	54020545531.56	0	0	0	0	0	0	0	0	0	0	0	0	0	1999882.73											Y	438277422.27	-541183170.44	579452837.45	953844053.15	721441385.78	-716246111.41	6971977335.75	0	3826564895.35	5617133196.5	0	5364172942.9	5716159312.35	0	6279802412.1
0001193125-25-334090	American Funds 2030 Target Date Retirement Fund	S000015559	5493007GXNRJNY8OA616	51959999169.56	48828632.19	51911170537.37	0	0	0	0	0	0	0	0	0	0	0	0	0	0											N	88303474.78	797291545.96	65214457.11	702027776.08	109936487.85	357127687.64	607957842.42	-166.01	1062908568.71	635207065.3	14.19	926137979.21	713251468.17	73.34	1168926052.97
0001193125-25-334203	Capital Income Builder	S000009000	HB3628X2G8I5EW1FVP36	120631112755.63	1484956262.01	119146156493.62	0	0	0	0	0	0	0	0	0	0	0	0	0	0	-13170.23	-218908.94	-502792.11	-726154.78	-406076.18	-7998.41	-148580.48	-295548.11	-105394.76	-22101.31	Y	418571446.12	2269458724.97	311860570.82	1214270612.14	489407216.13	-682030744.99	836468055.94	78.36	1182961644.04	820178967.25	710987971.32	1201906271.68	873866217.1	-224.51	1173693743.72
0001410368-25-032289	SPDR(R) Portfolio S&P 500 ETF	S000006983	5493004K4F0RL72RIJ47	86972771134.84	141130994.98	86831640139.86	0	0	0	0	0	0	0	0	0	0	0	0	0	6990531.8											Y	44530950.44	1579635014.27	69336940.98	1461690887.99	1714937200.8	1274484102.58	4792508176.2	0	199380342.4	3481059137.55	0	265669882.15	4510639121.05	0	4264801703.25
0001193125-25-334098	American Funds 2045 Target Date Retirement Fund	S000015562	549300PCIM1SM3WCBB58	44065208719.94	108829145.66	43956379574.28	0	0	0	0	0	0	0	0	0	0	0	0	0	0											N	25520782.32	809238358.57	43249800.36	995332021.46	49511435.5	677671357.49	559368269.46	2.01	708580355.69	598689944.68	-53.94	807143634.65	623273304.7	-.81	911783201.82
0001410368-25-042012	Schwab Total Stock Market Index Fund	S000005913	549300V6YYIHUR5NW113	32016624241.89	43904636.06	31972719605.83	0	0	0	0	0	0	0	0	0	0	0	0	0	77613473.71											N	-10876539.95	643624366.23	-47749250.89	1052713419.37	-19108565.53	683526231.8	280931280.7	0	237094977.51	338676228.88	0	255421455.87	430624708.01	0	463291477.23
0001004726-25-002043	iShares Russell 1000 ETF	S000004347	549300R9T7XRZ4D3YF43	44464340125.33	463438119.85	44000902005.48	0	0	0	0	0	0	0	0	0	0	0	0	0	550887.63											N	391378416.82	484953414.44	509745412.89	319881234.52	770483204.56	681629050.38	936237233.9	0	976265086.49	1146792453.85	0	1402718763.35	1599904913.9	0	1890782941.5
0000940400-25-010613	iShares Core S&P Mid-Cap ETF	S000004307	549300ODQWH5PC0IUZ78	104476052416.94	4716038224.04	99760014192.9	0	0	0	0	0	0	0	0	0	0	0	0	0	13701767.54											N	90909600.11	1388366994.24	699263322.53	2446737064.05	429117384.39	-126230068.07	510514372.65	0	269969146.1	644085026.95	0	546640731.35	1451131987.55	0	1843328122.25
0001193125-25-334214	Income Fund of America	S000008814	TOHHXZTHT2ER8SHT3X45	140586555151.53	3001893731.63	137584661419.9	0	0	0	0	0	0	0	0	0	0	27990903.17	0	0	51277378.73	-30463.31	-593060.24	-1582051.82	-1424950.2	-736539.35	-89318.71	-1539230.9	-2871484.47	-717995.32	-91682.15	Y	80107575.14	3054357759.14	174137064.88	1331630184.55	34743868.73	-1105107691.45	1080978267.24	647.13	1417856397.77	1010589537.13	862846608.8	1426896422.22	1093396221.1	-127.16	1297263785.34
0001410368-25-043408	iShares U.S. Equity Factor Rotation Active ETF	S000064945	549300GSJ4RMBYLWSX89	29089951372.46	103715677.39	28986235695.07	0	0	0	0	0	0	0	0	0	0	0	0	0	3264.43											N	-2397373.19	453503894.24	35881733.14	815420713.55	95483802.02	670917393.3	730446325.35	0	27747381	3306285493.25	0	20426729.6	1646962938.35	0	177576943.1
0000752177-25-000257	VANGUARD TARGET RETIREMENT INCOME FUND	S000002569	MNG177EPSJFIIJW4HL78	36236975748.59	0	36236975748.59	0	0	0	0	0	0	0	0	0	0	0	0	0	15345039.9											N	88904570.24	-54154438.7	16776790.64	491813722.05	105190671.66	288359524.22	266506651.519989	252267144.48	483072342.44	310679875.970001	0	455856413.71	318454961.820007	266660072.34	646944456.23
0000106444-25-000235	VANGUARD INTERMEDIATE-TERM INVESTMENT-GRADE FUND	S000002586	MUT4BJZ240WC155X1V94	38951076802.85	1039496047.58	37911580755.27	0	0	0	0	0	0	0	0	0	0	50125525.51	0	0	416960600.96	-34780.75657042	-771128.7711792	-9899963.40306557	-10266871.48257089	-485238.7532524	-2471.43293845	-69351.33779745	-334744.59238883	-203698.34881244	-3063.39912134	N	-20749495.02	372376023.49	54782337.54	198270716.36	7282698.48	-21112211.24	595191498.509979	133243661.81	470989514.89	703894004.800018	134715585.34	550720350.96	734200121.539978	135993450.3	616190409.82
0002071691-25-007634	iShares Core S&P 500 ETF	S000004310	5493007M4YMN8XL48C14	703961349256.41	2592010235.21	701369339021.2	0	0	0	0	0	0	0	0	0	0	0	0	0	885013.16											N	3294806374.1700001	10225404213.61	1314233517.03	11030815065.1	17325418535.029999	5659392020.29	12386061447.700001	0	9604552107.6000004	12652498062.85	0	4773861525.9499998	72270823042.899994	0	53356396772.800003
0001532203-25-000066	VANGUARD TOTAL INTERNATIONAL BOND INDEX FUND	S000035729	549300BXRBFWS9SORH32	113328660489.83	782950342.65	112545710147.18	0	0	0	0	0	0	0	0	0	0	0	0	0	334947671.47	-22118.87833181	-2579897.02858727	-7946543.68833744	-7928015.00214551	-2953223.3175197	-148.71991116	-11303.76185746	-19193.75408647	-15492.43633245	-2733.51028987	N	14091661.22	1912227712	-37802647.59	277060172.56	37840430.82	-1415013274.55	1241845751.07001	78750037.28	460829973.31	2056027608.88995	80474719.93	463064027.5	2557440585.73004	77758119.82	458630057.31
0001193125-25-334199	Washington Mutual Investors Fund	S000009388	GMJOUC23TOBOTKRA5C67	208129777421.23	804152711.08	207325624710.15	0	0	0	0	0	0	0	0	0	0	0	0	0	0											Y	1606777296.62	2612109494.86	471371069.83	3203321409.56	2920934279.83	-2723505465.21	1494498780.09	1253.51	2815014016.7	1745596669.59	676201759.09	2171471085.67	1609042485.35	26911.25	2377153244.87
0000035402-25-001403	Fidelity Puritan Fund	S000007153	342NZ620YLGOV7E34P91	31893163856.41	99355630	31793808226.41	0	0	0	0	0	0	0	0	0	0	323141.18	0	0	43770797.01											N	26484466.32	1185084311.24	100199823.57	467429416.66	106591298.29	181718849.74	161561463.08	0	453304057.78	139409647.45	129632971.88	453385974.97	154017521.37	12.13	432047955.23
0000857489-25-000147	VANGUARD TOTAL WORLD STOCK INDEX FUND	S000022482	78WHRHOLFN8O2AJ0B221	73730294210.84	202193391.57	73528100819.27	0	0	0	0	0	0	0	0	0	0	0	0	0	71261257.4599999											N	-20992210.7	1842870380.21	-117221950.65	2380702407.86	1962120.89	1309105433.84	1128569982.19	0	258299384.47	997479083.539993	48192029.57	258733659.08	1566572355.45	425.27	323635656.64
0000036405-25-000238	VANGUARD 500 INDEX FUND	S000002839	12WZ1W76P8QD4VJ6OB47	1411439208008.38	2193546365.29	1409245661643.09	0	0	0	0	0	0	0	0	0	0	0	0	0	2037186483.27											N	141407461977.76	-112488552229.35	2830476834.22	22437104051.97	43118811981.46	5409127599.96	28975293617.0398	2230278974.93	218452309531.68	23891708975.1104	116.64	12219339809.04	64842880306.7197	1580293944.34	73267871771.12
0000036405-25-000240	VANGUARD SMALL-CAP VALUE INDEX FUND	S000002847	IYAYRN9IGNRICDXDWU21	59292000895.57	141139109.69	59150861785.88	0	0	0	0	0	0	0	0	0	0	0	0	0	151285667.7											N	133008775.23	788535954.82	23572822.54	2785324173.81	428436870.73	-315546126.38	367837429.320007	109437349.02	518506776.95	247132645.130005	80.45	402309621.17	1309363866.50998	110271814.5	1467540312.59
0002071691-25-009312	Putnam Large Cap Value Fund	S000005581	CZH3VR3I6CWL6QA8GG38	43056012443.62	168810102.17	42887202341.45	0	0	0	0	0	0	0	0	0	0	0	0	0	38625890.17											N	-13181128.92	1229988673.74	29234281.94	624521346.87	318951190.27999997	72091303.87	1234828743.79	0	568869230.63999999	883419933.97000003	.01	887240040.85000002	977611531.82000005	108204888.48999999	765695517.80999994
0001410368-25-040430	EMERGING MARKETS CORE EQUITY 2 PORTFOLIO	S000000978	549300JF8HO6EL9ROR31	35145976141.28	1813104738.52	33332871402.76	0	0	0	0	0	0	0	0	0	0	0	0	0	275400197.3											Y	17237386.25	666086673.22	1105876.98	1457005937.29	74955077.81	816972265.89	283221183.67	0	315650843.17	506042473.44	304395063.18	555738243.79	280937665.87	0	489255626.74
0001193125-25-293300	Bond Fund of America	S000009231	F2Q0NH642XF1RP5YCC95	111583377773.1	15055674196.29	96527703576.81	0	0	0	0	0	0	0	0	0	0	0	0	0	70990237.95	-108861.9907	-2154669.368	-5824740.159	-5501072.953	-2840847.572	-13030.33268	-362491.1404	-1056397.82	-425019.3606	-102982.9108	N	33285126	-552557651.58	8168235.36	722440333.47	82008344.2	395983405.49	1646567742.19	345258792.21	1371671203.23	1632310243.34	342279637.94	1274175801.89	1598953197.97	340627395.17	1212776305.75
0002071691-25-009466	iShares U.S. Treasury Bond ETF	S000035919	549300YMK9GAMCTG8G20	33022214594.69	10216610.82	33011997983.87	0	0	0	0	0	0	0	0	0	0	0	0	0	25074380.05	12.69	0	0	0	0	0	0	0	0	0	N	-48790348.57999999	250808779.81	-2078453.47	157330786.08	5368541.28	72349844.35	464675165.32999998	0	290191144.30000001	725214697.84000003	0	32263719.39999999	4291378721.7600002	0	148431063.59999999
0001193125-25-301782	Janus Henderson Balanced Fund	S000010464	XRAF81JTHJNG7YJEPJ53	28324953724.38	302186429.95	28022767294.43	0	0	0	0	0	0	0	0	0	0	172045710.85	0	0	0	-17470.18648676805	-422471.49160370266	-1868602.5740258896	-1973857.1582009203	-815170.8798545988	-3146.933988966513	-96163.10906715727	-200097.0696371094	-102408.27792937322	-2542.69494559885	N	55214773	290607611	149605962	114100904	23818676	570435517	265050036.48	105443173.41	397051258.51	260443615.63	-53.81	380202004.93	268508663.03	0	335268276.18
0001410368-25-032038	The Technology Select Sector SPDR Fund	S000006415	549300BR5T0JNM2MW070	90429762395.99	179871661.64	90249890734.35	0	0	0	0	0	0	0	0	0	0	0	0	0	3050770											Y	528033068.01	2346709944.65	380212410.83	-451891545.36	1608969709.63	4810131985.95	2466514242.35	0	1529589838.25	1770746044.1	0	1474733707.9	4145821467.5	0	4179012991.95
0001410368-25-017275	Schwab U.S. Large-Cap ETF	S000026632	549300D3593FFQX1M411	58968695457.82	9629355.22	58959066102.6	0	0	0	0	0	0	0	0	0	0	0	0	0	6441950.46											N	262309867.01	2411209802.92	64558665.66	1200704701.83	56658137.99	1033232224.41	129252448.15	0	484764377.2	350761338.25	0	104060335.5	440003964.1	0	143770886
0001410368-25-017036	MFS International Diversification Fund	S000002515	5FYSVBMHKU2K1O39U714	43283155176.4	18721692.83	43264433483.57	0	0	0	0	0	0	0	0	0	0	0	0	0	0											N	9514891.78	1274035353.43	26587723.26	-422935287.75	33941472.63	1195867810.22	839606749.28	0	831955316.09	671953899.15	0	848394784.8	571417957.33	0	664315703.62
0000940400-25-010634	BlackRock Total Return Fund	S000004071	549300WQF7SM1NEFDT68	27711575377.43	9864412801.67	17847162575.76	0	0	0	0	0	0	0	0	0	0	30446027.46	6231163154.48	0	132862012.685	437979.1	170974.57	3913036.76	1060668.02	1186382.99	217932.82	5933.35	540430.44	-8667.39	225486.92	N	-1651191.6	-109981190.35	30017182.12	147084654.04	57836026.23	87001595.58	345685070.08	66506558.35	886874682.36	274662308.83	68535480.65	740495995.8	310275824.69	64837201.33	568754313.86
0000052848-25-000312	VANGUARD MEGA CAP GROWTH INDEX FUND	S000019700	RM8BENNF3HWR72TA0009	31309625865.19	26867120.69	31282758744.5	0	0	0	0	0	0	0	0	0	0	0	0	0	29251614.6											N	38482294.63	1029640841.28	46051648.84	199676358.9	645831102.15	816576288.71	416760406.589996	100668.74	67323704.51	676091955.620003	0	76596977.67	2009854285.08	92328.31	1701391935.61
0000035402-25-002136	Fidelity Contrafund	S000006037	JI376UEGMQ5TDKUOM103	176134532422.75	598283568.71	175536248854.04	0	0	0	0	0	0	0	0	0	0	0	0	0	3722660.28											Y	3877689677.08	1547671326.8	3489905917.82	-3055091032.25	4799086747.81	-352186413.35	6471032431.81	35.56	5128033266.73	2663927571.12	0	5314690485.96	6276231676.21	0	6348603356.78
0000794105-25-000137	VANGUARD INTERMEDIATE-TERM BOND INDEX FUND	S000002561	88SDBTPMKCC30PH6VU70	48138470589.85	133142733.42	48005327856.43	0	0	0	0	0	0	0	0	0	0	0	0	0	0	-19232.18037054	-406710.51393479	-6228119.23676894	-5732596.02489517	-42774.74785264	-356.1600707	-7635.81982683	-121692.61451805	-69586.92556674	-22.97565675	N	-45869633.35	-210871404.19	-79480369.92	615783196.04	3390847.79	167236527.07	980875871.200012	62426969.8	383430092.83	1339273808.42999	65132669.68	294185847.3	1014505682.57001	66088869.5	313620109.16
0001004726-25-002038	iShares Russell 1000 Value ETF	S000004345	549300KLSYN5NN4YNM90	64832864662.25	661743054.36	64171121607.89	0	0	0	0	0	0	0	0	0	0	0	0	0	1171721.11											N	414426310.66	-137139080	-41896347.56	1885698142.09	343144082.45	487894658.52	716495715.36	0	1341668387.25	148310580.55	0	245626105.45	1184595858.7	0	1144772301.05
0000734383-25-000146	VANGUARD HEALTH CARE FUND	S000002922	V3VSQJG5SDM3YTFC5I04	37520657779.01	31053388.84	37489604390.17	0	0	0	0	0	0	0	0	0	0	0	0	0	2855601.19											N	-149373932.82	1871144555.02	405155009.67	817276068.19	861326655.5	978669810.27	36972560.6199951	0	667373038.72	42624428.0800018	0	636267966.66	54108922.6900024	0	558849504.8
0000035402-25-001485	Strategic Advisers U.S. Total Stock Fund	S000084926	254900RP97MP9XDFO622	84389061881.69	2526886601.77	81862175279.92	0	0	0	0	0	0	0	0	0	0	886932373.48	0	0	45115827.17											N	553644933.03	3165444712.07	388377598.11	1392546977.89	430197937.82	1294294796.71	884220211.12	0	2555635955.54	1069414198.78	3260787476.95	1116793989.15	1098864045.62	0	1220488543.57
0001099263-25-004419	PIMCO International Bond Fund (U.S. Dollar-Hedged)	S000009678	549300NKY72DZUNDF872	31252892520.71	15107762422.05	16145130098.66	0	0	2170771176.95	0	0	0	0	0	0	0	182306329.541932	0	0	98449089.8	254699.1486	1671398.67	4656708.8772	2537993.5969	708278.8961	45258.1047	54864.967	223564.6203	61194.213	75.2344	N	33107956.66	-340504781.85	29876514.82	170943238.6	22659370.34	24604622.55	659075490.16	41732311.85	343452090.92	303418025.49	41556761.26	278807990.42	425456797.66	42723148.89	318616935.01
0000035402-25-001335	Fidelity Advisor Growth Opportunities Fund	S000005111	CJNCBR5VWTLQIII9MT65	29142081634.93	137360059.61	29004721575.32	0	0	0	0	0	0	0	0	0	0	0	0	0	224365.78											N	228100066.93	1988623445.96	90974691.59	1284108109.35	116874478.8	131780516.76	422418052.13	0	423896283.21	514161078.8	0	564105361.05	498472693.47	0	432375258.45
0001193125-25-334095	American Funds 2055 Target Date Retirement Fund	S000027236	549300SQCYA66NRSOC92	28978633443.32	120501279.4	28858132163.92	0	0	0	0	0	0	0	0	0	0	0	0	0	0											N	6987056.05	542282543.31	20516267.35	703212057.45	43261286.14	492843502.72	461120008.02	-8.94	504110038.05	481376423.26	73.92	523147694.85	497434824.01	-7.86	749452886.41
0000940400-25-014474	PGIM Total Return Bond Fund	S000004536	TMK5EH3X0S88LKHCV210	56426872502.4	4473886061.95	51952986440.45	0	0	0	0	0	0	0	0	0	0	452132957.52	2665932483.33	0	431851347.54	70762.05523	2551556.02775	12075863.01858	6170316.1641	523793.38683	18932.71244	417667.63925	667579.12758	88431.75951	1466.30851	N	43779163.04	433522685.59	36718134.08	268256271.83	51754251.72	-74692586.54	1532342468.95	181970641.52	984100901.42	1204536015.05	180457886.73	942826493.33	1293957298.85	179308436.27	1041187438.61
0000052848-25-000265	VANGUARD INFORMATION TECHNOLOGY INDEX FUND	S000004452	J2NTZGJBERBYMUMBIE74	117070485318.01	39077467.53	117031407850.48	0	0	0	0	0	0	0	0	0	0	0	0	0	0											N	758945611.95	8549546793.96	219531497.5	4275006279.92	1944264683.53	-936457453.11	1240485399.38	14926069.09	1684528917.61	1363196037.18002	0	662246720.05	4368941035.32999	0	3300960648.33
0000035402-25-003052	Fidelity Small Cap Index Fund	S000033638	549300JY6ALOY2NVLW07	31713782253.66	2682911199.6	29030871054.06	0	0	0	0	0	0	0	0	0	0	0	0	0	1041366.91											Y	-254311399.91	2051353283.69	-45357136.4	860746702.25	61077446.22	431754843.82	456397907.88	-.03	533319585.49	500380121.77	0	601413170.41	807604042.95	0	715637426.85
0001099263-25-004485	PIMCO Income Fund	S000016548	XSQUIHC65X62JACTUZ45	447769884264.2	245201523090.31	202568361173.89	0	0	1018260162.8	0	0	0	0	0	0	0	6724533184.007819	0	0	414462772.16	13427195.9702	25061877.1808	48518199.0403	9985386.7999	-2441297.5414	4475248.1936	3407675.1877	7955385.9729	2682772.5796	405880.688	N	355755224.71	-1903568771.53	712725139.49	1960796929.42	1144237475.87	-201021628.16	5098104032.06	863638883.9	3057607890.44	8144005904.27	875589896.16	2879334629.07	6169330193.81	898415293.64	3075112416.28
0002071691-25-007782	JPMorgan U.S. Equity Fund	S000001447	549300O4STN5CE50YK08	35565779518.99	17076172.08	35548703346.91	0	0	0	0	0	0	0	0	0	0	0	0	0	8808430.00999999											N	408891975.12	704354505.56	234022840.49000001	186583511.42	159431589.36000001	1033200672.04	1033128277.89	0	1019890006.01	1343296747.4000001	0	692411434.83000004	392422743.25	42817383.36999999	601922931.15999997
0000035402-25-001446	Fidelity Total Bond Fund	S000007066	52O386XUF1CQJ82UNB64	49775105597.79	9658494599.97	40116610997.82	0	0	0	0	0	0	0	0	0	0	5569817119.78	0	0	0	357683.21835661	2230156.14240674	7494364.37986576	7543368.44907707	4512484.01348162	246215.79829401	591897.2566497	568149.79722129	94021.31659874	25401.9848186	N	-46856930.01	550140307.26	-21297802.08	-183343493.42	10986904.36	303038430.79	709092504.61	127177944	779830718.74	901166179.88	124190800.29	800468474.35	929266990.71	127919171.68	783769508.77
0000107606-25-000043	VANGUARD WINDSOR II FUND	S000004418	EPRUJCUS7VDM55UDW365	62715161462.5	60699620.45	62654461842.05	0	0	0	0	0	0	0	0	0	0	0	0	0	2430725.98											N	496191286.59	1486001350.75	471153619.98	790611950.91	364705636.92	64406502.09	153382246.48999	0	1011196155.29	259454491.5	0	685049706.77	201041349.519989	0	724018675.62
0000036405-25-000235	VANGUARD TOTAL STOCK MARKET INDEX FUND	S000002848	HJ2RZRUQEVF2A5SPRB21	2018362600285.12	1536200119.51	2016826400165.61	0	0	0	0	0	0	0	0	0	0	0	0	0	2330075413.2											N	37352325190.03	4014855972.84	-685366760.76	41755043444.18	2226189120.45	63097307401.23	15931217944.5303	3948872615.83	63601356672.3	10869520563.4998	0	11228903273.15	18040830209.79	3764003381.24	19064941729.09
0001410368-25-041987	Schwab S&P 500 Index Fund	S000005911	549300QXTQYX6BJFPP75	130468704824.49	2326150.55	130466378673.94	0	0	0	0	0	0	0	0	0	0	0	0	0	313109145.1											N	-33145333.55	2330824373.56	-87841672.24	4432513511.85	4029609.9	2885087456.35	1925713059.66	0	1268141586.49	1631751120.16	0	1381438646.34	1666493348.53	0	2301016317.09
0000035402-25-002146	Fidelity Freedom 2040 Fund	S000004875	76YUBFH7284ZS0A83S47	32308312486.03	17554882.5	32290757603.53	0	0	0	0	0	0	0	0	0	0	0	0	0	17059.03											N	81237815.22	202043469.35	48355791.78	476837621.46	21741784.71	934494745.87	957562856.91	0	1007223724.96	404706299.49	31.45	457886821.05	498552038.94	1.78	385019116.75
0001193125-25-293287	American Funds Strategic Bond Fund	S000052313	549300WL12I3ETOMST62	28172407655.17	7665125773.61	20507281881.56	0	0	0	0	0	0	0	0	0	0	477731.76	0	0	25504316.74	-13513.5618	-278042.5287	-1164422.177	-1750863.948	-789939.268	-12221.92069	-335800.0834	-2491874.031	-301707.9275	-92577.34584	N	17871567.01	-188198628.02	-9543004.32	162541296.11	24629043.88	129170619.84	314484839.18	-342.03	218677135.28	305254487.63	-10.87	213973417.68	377261740.48	206635272.88	274963454.6
0001410368-25-043395	iShares Core MSCI Total International Stock ETF	S000038931	5493000KJHTQW5I5L936	51848006434.09	979474756.18	50868531677.91	0	0	0	0	0	0	0	0	0	0	0	0	0	81391161.77											N	-54461583.79	1858828260.26	22460492.52	1601044210.4	-3782844.83	747538260.44	127293119.8	0	0	612176229.65	0	0	0	0	0
0000035402-25-002202	Fidelity Magellan Fund	S000007112	YHT3QK75G1JTE4XRDE89	38636602265.5	51172714.37	38585429551.13	0	0	0	0	0	0	0	0	0	0	0	0	0	1473297.1											Y	349252300.06	566083458.03	354061567.57	-667368222.56	281258305.51	145862521.47	87851163.89	0	246108696.12	62503956.7	0	473634634.7	75989244.25	2930.05	263441508.21
0000940400-25-010642	iShares Core S&P Small-Cap ETF	S000004313	549300BZQ17QYN750B25	90651369903.72	4811916517.15	85839453386.57	0	0	0	0	0	0	0	0	0	0	0	0	0	47632517.36											N	569737174.04	78932911.47	136684013.46	5238565692.69	727586640.42	-72034752.55	1527229429.2	0	1142572361.6	246274415.6	0	718240290.1	682672709.45	0	669739991.15
0000752177-25-000253	VANGUARD PRIMECAP FUND	S000002568	SHYKZ9CKK7NENE4ODA76	76509269363.2	114947721.53	76394321641.67	0	0	0	0	0	0	0	0	0	0	0	0	0	312071.85999999											N	3450505956.25	-2870285588.09	575307151.66	2031791578.16	1256138549.53	2794156238.51	116459175.050003	0	3959410857.62	80335670.5399933	0	688380200.77	127096439.830002	0	1720930288.56
0000836906-25-000263	VANGUARD INSTITUTIONAL INTERMEDIATE-TERM BOND FUND	S000049658	549300F61ZC0PFW4VL39	33573198267.97	2398310805.75	31174887462.22	0	0	0	0	0	0	0	0	0	0	224975638.05	0	0	5079881.64	-46804.12676569	-1591392.00115381	-3884839.1161482	-2730230.90378561	-342971.19584202	-1.69496838	-220.93753102	-54.20561335	0	0	N	-3281205.61	-147188218.73	-13175645.99	276472346.41	-4140779.55	80358437.57	557.5	119481855.98	566834526.87	.1800003	122277558.26	293222185.19	65851196.9899979	120028196.05	164823215.17
0000752177-25-000264	VANGUARD TARGET RETIREMENT 2030 FUND	S000012760	WAMQ6MKVLP4GX1OJS418	106673467987.09	0	106673467987.09	0	0	0	0	0	0	0	0	0	0	0	0	0	10662945.84											N	454987201.47	-35284334.96	290996385.81	1818215410.45	515441579.35	1744024664.47	988530821.809998	0	1406066851.91	946567845.869995	0	1415189020.26	1036479756.90002	0	1399071598.77
0001193125-25-293283	Investment Co of America	S000009597	ESMT10R1J5REBJX2N406	175576423299.19	385977904.65	175190445394.54	0	0	0	0	0	0	0	0	0	0	0	0	0	0											Y	2660916286.23	674671445.33	114676219.7	3026487250.03	1254159067.42	2560571647.08	1232085212.03	5292.2	1689591682.06	1151659707.96	3500.27	1696320537.63	1283851544.42	424377490.76	1643843486.99
0000036405-25-000237	VANGUARD SMALL-CAP GROWTH INDEX FUND	S000002846	UWJDRZIFJ6DZX3P2T284	39141587532.44	30766587.64	39110820944.8	0	0	0	0	0	0	0	0	0	0	0	0	0	80300513.21											N	123602008.49	587613935.03	73087949.16	1315039784.98	-73677172.49	713772825.78	418464298.059998	23998299.16	418588125.34	183469181.189994	0	406238838.24	766584672.710022	24389628.18	937586170.35
0001410368-25-017270	Schwab U.S. Large-Cap Growth ETF	S000026633	549300X647G1Z3XCRR98	48018914108.8	10983948.87	48007930159.93	0	0	0	0	0	0	0	0	0	0	0	0	0	2867443.13											N	-83462062.7	2582253476.88	33569194.6	1487367330.61	53875943.32	407756595.53	532603479.55	0	22222234.2	662706782.7	0	96894514.2	1190246417.45	0	28705276.65
0001193125-25-293324	SMALLCAP World Fund Inc	S000009599	QUU75Y6VVBVQ4LBGTL77	81951480165.32	606943905.04	81344536260.28	0	0	0	0	0	0	0	0	0	0	0	0	0	41463228.84											Y	481952893.2	-776260981.77	82128987.37	2373857125.37	497742643.26	50026438.18	1035466828.65	32.48	808522301.16	705384690.31	7.01	1019785936.15	868657058.87	1.64	707337907.98
0001193125-25-295368	Cliffwater Corporate Lending Fund		549300H513RTF4I5T758	53749169091.77	22296373240.73	31452795851.04	0	0	0	0	0	0	8784785511.87	0	0	0	0	0	0	0	0	0	0	366.017581571563	4.737792266437	0	6334.099297161722	14825.275200652751	11159.335226696372	160.627676516156	N	-26686442.45	28733375.07	-10845497.81	-82449960.78	-11138424.75	21257280.55	1207885606.86	30652262.81	0	801713226.74	0	300	779315463.41	0	917539278.96
0000035402-25-001381	Fidelity International Index Fund	S000006023	J2YQ0QGUOWUYIKE4AX60	67317947344.24	281323848.39	67036623495.85	0	0	0	0	0	0	0	0	0	0	9159231.79	0	0	79783406.38											N	-52110818.57	1511836365.25	102525859.61	-1682813417.93	-48371883.46	2855937348.62	2200573957.29	.17	1255462590.92	1772994708.98	-.11	1401061495.27	1379925059.18	0	1026350712.6
0000035402-25-002869	Fidelity Blue Chip Growth Fund	S000007195	OKC3HMHCA2JM8ZH5E452	87647184554.11	168182436.76	87479002117.35	0	0	0	0	0	0	0	0	0	0	0	0	0	6719014.24											Y	-113859648.8	962632342.769981	196282542.15	4022189541.29002	501334684.25	2693361871.79002	870014521.24	0	961059566.26	1117651050.42	1496631559.82	1180714809.04	1109172057.38	-1639.59	1313242446.38
0000036405-25-000243	VANGUARD EXTENDED MARKET INDEX FUND	S000002841	NKRB5RF4FYYMQPL0SY31	83651834723.81	1674369.81	83650160354	0	0	0	0	0	0	0	0	0	0	0	0	0	26990779.77											N	19337598981.36	-17119138548.97	112967215.04	2977625737.32	1579253749.48	35986892.91	3926831765.84003	228.42	40290164520.8	1017572268.07996	38.78	1638658685.79	4009461204.22003	146218405.2	3524614396.27
0000940400-25-010616	iShares S&P 500 Value ETF	S000004312	549300CBC7RH6BCDVO32	41790098662.38	64162859.94	41725935802.44	0	0	0	0	0	0	0	0	0	0	0	0	0	6821955											N	61134244.13	231633729.06	-19167759.41	1308273433.58	32651331.62	620988085.82	397899159.15	0	217342898.5	230217816.4	0	0	315843707.65	0	305937638.15
0001410368-25-017052	MFS Value Fund	S000000769	HV6C0RMURVKFUQ3UTB42	56889752719.41	26826309.6	56862926409.81	0	0	0	0	0	0	0	0	0	0	0	0	0	0											N	260497023.7	959044016.31	279550738.36	-707487432.25	338375796.63	1652315910.33	446370947.1	224490642.2	1040105573.94	672156562.63	0	1208503018.34	674037910.21	0	1225257323.9
0000035402-25-001386	Fidelity Extended Market Index Fund	S000006021	HW91WPKTPPX1XCGDNR78	43328767819.18	2279768361.28	41048999457.9	0	0	0	0	0	0	0	0	0	0	0	0	0	1653258.15											Y	1699129.54	1961209503.4	405264704.69	569248359.38	-116307270.2	1672143094.5	543290314.51	0	1008004524.15	685449664.35	0	1237178859.14	514782495.17	0	693964470.19
0001410368-25-017836	iShares iBoxx $ Investment Grade Corporate Bond ETF	S000004361	549300FYCXFXG8POR355	34021950294.63	4175374135.51	29846576159.12	0	0	0	0	0	0	0	0	0	0	8255579.8	0	0	31140.5	252.25	1005.12	7235950.25	5265812.46	12212879.01	0	0	0	0	0	N	-33168628.82	543478546.04	-110833654.91	-17808304.96	-15935511.24	159570190.64	3902172209.3	0	4636077279.7	2589715823.8	0	6297329252.2	5719930454.4	0	2772869077.8
0002071691-25-003731	iShares 0-3 Month Treasury Bond ETF	S000068768	549300L2T50TTT4U6186	58640173200.93	2607262693.37	56032910507.56	0	0	0	0	0	0	0	0	0	0	0	0	0	744308.44	40.45	0	0	0	0	0	0	0	0	0	N	26926.39	-2693798.99	215300.54	-2172280.09	19322.56	9018966.94	3355197460.5	0	830205305.85000002	3325663741.4499998	0	910753858.29999995	4501315177.1000004	0	654502987.20000005
0001099263-25-003615	T. Rowe Price Capital Appreciation Fund	S000002070	CH1EX8QIXZ08475WNI76	70579756546.439987	317479587.81	70262276958.62999	2354387972.12	0	0	0	0	0	0	0	0	0	0	0	0	27971771.67	0	-8085.231382	-130817.864732	-78968.414831	-4927.333071	-903.55054	-543629.668919	-2750424.574476	-327061.824292	-183188.084878	N	486089301.2	1020113668.45	541929377	-359891179.19	928107706.98	-164703018.44	852624693.960001	0	876985247.18	879253533.41	0	862402967.519999	735265061.17	0	989093028.64
0000225997-25-000213	VANGUARD TAX-EXEMPT BOND INDEX FUND	S000048568	549300SF5YKKQIK4EV73	44444358332.87	505712403.94	43938645928.93	0	0	0	0	0	0	0	0	0	0	408848251.43	0	0	0	-110825.79925539	-1825963.10023812	-6193005.05536436	-14080041.74382013	-5900436.16461573	-7.0273061	-927.08510489	-1098.26505008	-4.11932305	0	N	-14742108.39	233771886.95	10111651.41	873432940.95	-2831953.41	360509740.92	975289931.270004	4216762.99	417552415.48	913848777.93	4204327.65	480313395.75	1229754278.58	4260754.23	99729655.56
0002071691-25-006469	Franklin Rising Dividends Fund	S000006858	549300RLL39D0QDRZ160	28251262659.17	20567343.67	28230695315.5	0	0	0	0	0	0	0	0	0	0	0	0	0	5205395.62											N	54568535.00999999	339143133.6	133502920.23	428682276.67	56965236.50999999	266394228.73	145858071.66	58197805.49	374270749.61000001	141039301.28999999	0	350108640.47000003	145260040.96000001	24.16	343303549.56999999
0000035402-25-002118	Fidelity Contrafund K6	S000057289	5493004XBB3SOPOLQF62	37582497919.43	101577090.31	37480920829.12	0	0	0	0	0	0	0	0	0	0	0	0	0	0											Y	518676184.22	663644798.71	616475743.92	-498855642.45	861053055.07	152209606.09	1257254712.83	0	678039381.67	441123751.48	0	1019801595.25	455681492.44	0	1242922489.4
0000035402-25-001477	Strategic Advisers Fidelity Emerging Markets Fund	S000063170	549300YXMLS0UT4SHL91	28696036497.38	168635479.66	28527401017.72	0	0	0	0	0	0	0	0	0	0	0	0	0	79842151.59											N	4661357.86	1508672944.1	16532054.1	399775205.24	58777297.67	624125291.14	835199208.48	0	885732432.04	819621320.01	120783377.5	246896113.83	802027526.39	0	602247264.71
0001193125-25-251557	Intermediate Bond Fund of America	S000009236	R8LBW477MUD2IBLY9S75	29454026205.57	2645225058.83	26808801146.74	0	0	0	0	0	0	0	0	0	0	0	0	0	31380945.85	-47944.33579	-654448.3713	-1249589.233	-625438.2977	-78877.35582	-3071.358386	-39068.7576	-175336.2109	-25844.95596	-1389.439791	N	15350194.14	151313021.83	19193870.63	-134037147.68	14061620.96	164428494.93	975519296.91	89125441.37	236464668.94	296555576.35	93580994.43	360514753.8	322513509.22	91799496.09	306947090.62
0001193125-25-293282	American Funds Fundamental Investors	S000009227	RCVUC3QKUPM8R6R24U95	160232765969.92	529916341.99	159702849627.93	0	0	0	0	0	0	0	0	0	0	0	0	0	0											Y	311496263.61	2390092986.9	762839643.37	705761011.06	512072951	4816880783.99	877479508.85	-583.58	1774893737.53	1018215352.98	-46.66	1599791699.71	852441675.59	319816907.96	1932329948.09
0001410368-25-043387	iShares Broad USD High Yield Corporate Bond ETF	S000059297	549300X7H67ZLUE3IZ46	33815141345.44	7564106261.71	26251035083.73	0	0	0	0	0	0	0	0	0	0	34235000	0	0	6796844.87	29.08	3199.44	60689.7	0	0	27809.05	798259.07	6123803.73	445846.42	144533.75	N	23235158.18	148721498.8	25798001.82	24941204.01	10819447.69	-106907661.62	629050639.65	0	755503590.45	778427668.3	0	741280968.3	1428681672.3	0	410170499.4
0002071691-25-007652	iShares Russell 2000 ETF	S000004344	549300O80OAR5VTWR172	82057762861.9	11111470609.61	70946292252.29	0	0	0	0	0	0	0	0	0	0	0	0	0	1058528.79											N	361474455.63999999	715704538.74	379904394.88	3796029945.41	1053063199.4	878123465.15	7246133741.6499996	0	9860064959.25	11127088159.4	0	10067637541.15	13076305947.200001	0	11098005830.299999
0000035402-25-002150	Fidelity Freedom 2030 Fund	S000004873	LY4RTPP12H7SZNKVLI52	33486132513.63	16834083.45	33469298430.18	0	0	0	0	0	0	0	0	0	0	0	0	0	17418.01											N	132203052.98	13944344.24	64883038.38	422440771.49	27680577.14	772817456.47	1123859925.64	0	1310642704.63	443422908.81	192.02	633964597.23	550119116.52	0	571019900.9
0002071691-25-007646	iShares Russell Mid-Cap ETF	S000004338	549300RVM4H7425YNW89	46843296873.98	1893467840.58	44949829033.4	0	0	0	0	0	0	0	0	0	0	0	0	0	784905.05											N	251816760.38	496647200.08	-92490123.48	1102784196.35	76660405.9	247234264.56	494518343.05000001	0	215582973.55000001	339586317.94999999	0	28190589.6	341343891.44999999	0	120092233.05
0001193125-25-334091	American Funds 2025 Target Date Retirement Fund	S000015558	549300ORGQI7JZKU2533	32586478953.33	41052636.9	32545426316.43	0	0	0	0	0	0	0	0	0	0	0	0	0	0											N	91280580.39	461875258.89	56323366.68	334075238.41	86601135.85	109758418.37	303175033.3	7.14	817776458.24	359767639.61	0	724187674.1	381598429.82	124.67	797330344.08
0002071691-25-006501	Franklin Income Fund	S000006756	2I64NSETYA60QJ4H0C97	76951543062.9	777224274.62	76174318788.28	0	0	0	0	0	0	0	0	0	0	206533333.34	0	0	252825220.90000001	-26191.9	-316383.27	-2705358.66	-3713811.09	-5576492.75	-9919.5	-564276.02	-2621125.44	-1091029.13	-1391.05	Y	-228543730.47999999	220840056.49	157390963.25999999	1688733160.88	-363767556.49000001	666126864.07	681336865.77999997	311693043.36000001	1032175942.13	796973608.95000005	311637951.38	1112719748.03	732242072.19000006	311748155.38999999	976034190.79999995
0001410368-25-032903	LORD ABBETT BOND DEBENTURE FUND INC	S000006820	W528K4KWQL50R13TDZ14	30327308595.57	8409513462.65	21917795132.92	0	0	0	0	0	0	0	0	0	0	5360497726.01	0	0	113701735.94	-17478.33	-357968.95	-1570510.88	-1494468.57	-213321.3	-44291.28	-993004.81	-2217972.08	-676916.62	-126365.07	N	99745673.85	-109173248.59	34178769.77	199675191.99	79014749.85	37925711.6	338935190.97	99248904.9	432410532.72	327065826.51	102186519.42	375770101.9	368498193.41	102550478.9	386229639.79
0000836906-25-000266	VANGUARD SHORT-TERM INFLATION-PROTECTED SECURITIES INDEX FUND	S000038501	TX6CG4TTV0FTLWSYWI43	62198627565.09	588347647.99	61610279917.1	0	0	0	0	0	0	0	0	0	0	0	0	0	5718930.11	0	0	0	0	0	0	0	0	0	0	N	1647974.37	17852306.9	747068.91	533365431.57	802069.67	-174946902.75	1515321097.29999	360344101.16	726986457.8	1046824791.59001	62.69	637672887.24	1517559349.25999	4.8	574966629.2
0001193125-25-251558	Capital World Growth & Income Fund	S000009001	YW4DFCLW3G60U7B5H052	137359859892.67	512866553.78	136846993338.89	0	0	0	0	0	0	0	0	0	0	0	0	0	0											Y	246245054.46	6342796824.5	733347930.08	-891842271.44	1042865789.36	2027950861.22	654792969.58	692305716.68	1505497066.46	766747600.64	1420.17	1277899913.01	791440314.06	242.18	1774665526.12
0001021882-25-000208	VANGUARD SHORT-TERM CORPORATE BOND INDEX FUND	S000026862	GW69FWO1NUHCKLV98X51	46310095380.76	273824108.46	46036271272.3	0	0	0	0	0	0	0	0	0	0	0	0	0	500946282.14	-46671.72535332	-4936568.76281728	-7338620.29960498	-160200.6161947	-51901.98811005	-1043.42364017	-95544.97208572	-125107.97974031	-10.28752543	0	N	1507644.73	228823047.41	11712392.68	-118026992.57	2640112.82	303692090.11	836263395.329986	22254755.2	1519053103.12	1573789750.85001	21885122.04	943305888.41	5421878463.11002	22497207.01	1355331021.83
0001099263-25-004484	PIMCO Low Duration Income Fund	S000009677	SVLFVAGUHS15GPUL9Z39	32754185616.88	17571641696.14	15182543920.74	0	0	428899758.18	0	0	0	0	0	0	0	278004008.04	0	0	0	851355.361	1671716.1399	3470924.2427	369230.1588	-104641.8411	188264.6962	186582.5186	323855.6653	56552.5975	867.4242	N	36244148.32	-101504419.01	40228491.28	117344695.02	85773005.59	-41617564.99	651836953.01	55706546.87	274755322.13	1073133070.15	57379791.41	484304553.45	966735386.01	59724398.59	411224680.91
0000105544-25-000027	VANGUARD WELLESLEY INCOME FUND	S000004405	9IBUENCX8GHY3X70KM34	49054449115.46	8883627.45	49045565488.01	0	0	0	0	0	0	0	0	0	0	0	0	0	1524064.56	-41157.97584757	-1257877.34803182	-4138192.08196513	-6130385.473998	-3974775.50509241	-240.16241683	-4119.10509538	-18883.54254364	-89463.15095185	-48156.97480732	N	115275396.34	-254606982.39	86622481.38	792662688.94	235524095.29	113306303.55	228647181.899994	43.95	683378056.25	257974240.459991	21.16	581890283.47	251536672.730011	370482258.02	687771179.09
0002071691-25-007832	MFS International Equity Fund	S000002537	DMEBH0UWWHA1KO5Z5N87	30533992206.21	42026633.44	30491965572.77	0	0	0	0	0	0	0	0	0	0	0	0	0	18175782.28999999											Y	32761681.55	-762810066.51	-6139872.79	538708435.19	112025124.94	480202080.21	1039929959.27	0	648413575.60000002	1124351753.6900001	0	488599420.38	830051830.13999999	0	656489271.46000004
0000794105-25-000139	VANGUARD INFLATION-PROTECTED SECURITIES FUND	S000019554	F8K6630RFYVJPTW32U17	27668651238.25	318578304.83	27350072933.42	0	0	0	0	0	0	0	0	0	0	0	0	0	9868055.81	0	0	0	0	0	0	0	0	0	0	N	-79582506.28	16298268.8	-17017577.64	301874597.1	-13602191.6	55344533.7	376902176.940002	272204469.98	486180321.26	419973289.380005	0	461994943.13	383494968.170017	0	463997770.53
0000052848-25-000256	VANGUARD INTERNATIONAL GROWTH FUND	S000004453	XU56S9DGXUXG42DFRI34	45650012027.97	149007483.88	45501004544.09	0	0	0	0	0	0	0	0	0	0	0	0	0	28886019.43											N	187495624.21	1594444969.34	228073282.56	-1716730366.15	-81764046.69	1764922666.61	306014736.040009	562.26	653458407.38	309715256.369995	0	647627627.61	263958729.269989	0	749567159.64
0000862084-25-000080	VANGUARD INSTITUTIONAL TOTAL STOCK MARKET INDEX FUND	S000002855	OI9CNOE85L24I2YWT109	30942455652.89	1459300.17	30940996352.72	0	0	0	0	0	0	0	0	0	0	0	0	0	0											N	721953818.83	-76604638.3	66617156.54	571193675.43	99512114.56	904535525.14	65468674.8399963	82364171.98	1343171784.79	112673035.130005	0	332030425.83	325678389.529999	76667761.6	505156764.51
0000734383-25-000145	VANGUARD REAL ESTATE INDEX FUND	S000002924	B1HNOZOSPCLXHIVBEI82	64004784775.99	3212947.61	64001571828.38	0	0	0	0	0	0	0	0	0	0	0	0	0	26539647.46											N	-38649592.8	2113343668.09	5585456.32	-386292469.9	145298726.46	-1869469416.73	622118232.599989	0	773640832.22	766188340.029999	269539361.43	603449941.84	843352470.829986	302.18	845120112.37
0001004655-25-000255	VANGUARD HIGH DIVIDEND YIELD INDEX FUND	S000014011	TR5F4U3Y3DQVBW8TQD97	81218961218.11	2273203.25	81216688014.86	0	0	0	0	0	0	0	0	0	0	0	0	0	18940452.84											N	-2987733.81	2643362486.12	-19243128.41	1414076272.14	37194548.84	-435200566.64	540229098.410004	0	134666499.49	836811521.850006	70647943.9	202721724.47	428937996.719986	0	243926989.03
0001193125-25-293563	Growth Fund	S000008791	B17BZT6N2A8R48VTU480	54580941895.44	261269563.21	54319672332.23	0	0	0	0	0	0	0	0	0	0	0	0	0	0											Y	362838065.06	784535085.18	97970958.11	533477577.33	536765141.73	1435728500.91	331526205.2	0	854804081.21	312814709.42	0	475936084.55	306311084.06	0	536916782.61
0000035402-25-001440	Fidelity Total Market Index Fund	S000006026	5OYDFBV5F7FFKGFTLN80	117130232731.94	626152586.38	116504080145.56	0	0	0	0	0	0	0	0	0	0	0	0	0	5953606.37											Y	-18452509.98	5312760572.38	216012182.09	2239847963.03	-92987560.7	2546438958.5	1239268127.72	.49	1044804496.21	1250349521.92	0	1432025005.37	1168079258.37	0	1126088266.69
0002071691-25-004164	JPMorgan Core Bond Fund	S000003477	DQ695W4P67V7A4LC6I09	51706101656.59	386500311.97	51319601344.62	0	0	0	0	0	0	0	0	0	0	24974835.16	0	0	3231930.83	31642.0693	1037328.12727	5877072.57974	7514879.67684	2898277.59107	3280.03154	163227.07067	210159.02009	15329.74438	517.30817	N	-3979628.74	539780761.48	-11696565.97	-229568778.53	3400450.72	405935048.83	867625519.84000003	158082391.81999999	759100845.20000005	1074912607.27	164467380.59	753657549.87	1407382692.8199999	165973775.18000001	749119003.08000004
0000036405-25-000236	VANGUARD MID-CAP INDEX FUND	S000002844	F7RXEPKL33W3OZ8V3S02	201750906249.57	319401191.24	201431505058.33	0	0	0	0	0	0	0	0	0	0	0	0	0	524516066.58											N	1128456929.6	2594976072.55	542716596.39	2218480836.35	1197832262.74	1540310088.25	3724800089.14996	376215596.53	3283820146.29	1990666783.33002	0	2692917547.58	4014857552.44	354903308.17	4594910591.25
0001099263-25-003622	T. Rowe Price Equity Index 500 Fund	S000002089	549300VJO42KQ3FO2X07	37511651930.109985	5653313.65	37505998616.459984	0	0	0	0	0	0	0	0	0	0	0	0	0	7726300	0	0	0	0	0	0	0	0	0	0	N	104901886.06	652979646.89	766161.31	678384284.29	283396560.93	992237304.58	331000347.6	0	492118004.87	472102174.77	0	529896117.12	333742370.11	103881952.64	485968448.59
0000036405-25-000244	VANGUARD GROWTH INDEX FUND	S000002842	8DLNZLT9FCSJNCMHQC12	342801111017.3	295850581.3	342505260436	0	0	0	0	0	0	0	0	0	0	0	0	0	0											N	527459761.83	11178883581.39	197094432.19	2351815970.9	7976853063.61	7350489810.09	2972023149.59003	141452105.08	2473606944.49	3239643003.15995	0	1992216291.6	12034958966.29	139486285.97	13138253784
0000913181-25-000365	Guggenheim Total Return Bond Fund	S000043991	549300FZ18ZR1YQ4EB78	44113075391.68	14619399876.07	29493675515.61	0	0	0	0	0	0	0	0	0	0	12728151636.46	0	0	36032018.0300001	310258.5197515	2041869.3072797	4141442.9602462	4624442.816337	1723659.5737238	109349.5617354	143359.871681	533183.226229	147119.1597899	134283.1450182	N	-1859260.88	-135876359.37	40317835.37	188698132.56	49204754.42	162327137.9	769235294.34	107564692.89	460656730.55	590496409.01	113025551.88	392595375.58	757349272.92	121068301.19	424946431.1
0001004726-25-003417	Dimensional U.S. Core Equity 2 ETF	S000070903	54930056FNVIE1543D41	40320991536.73	1192394701.15	39128596835.58	0	0	0	0	0	0	0	0	0	0	0	0	0	44993347.14											Y	-13674697.12	1075155715.54	-11610922	892282599.84	-59565850.68	468252207.09	293217992.8	0	7409057.66	424427796.02	0	37890043.99	343022256.71	0	3808888.42
0000857489-25-000149	VANGUARD EMERGING MARKETS STOCK INDEX FUND	S000005786	YNHDFX2L9SSID3XIIE57	143025925886.12	1839306828.46	141186619057.66	0	0	0	0	0	0	0	0	0	0	0	0	0	446758949.66											N	33084157.67	3365363689.32	-234921730.61	7377103318.23	-28214350.64	1921499856.92	596250862.179979	0	432125000.2	1388017932.89001	169503505.46	546610063.35	1653502858.82999	44.69	673782527.4
0000035402-25-001478	Strategic Advisers Core Income Fund	S000029150	JIULD0UMK13CI0PIUL16	52623691677	7934625271.25	44689066405.75	0	0	0	0	0	0	0	0	0	0	6416049032.92	0	0	109940842.21	266789.00056357	1736409.76932001	3663412.9856596	3743513.48404711	2219553.36840219	37957.4509572	133675.93744712	158447.2067188	201515.72956942	93478.9338243	N	-53563600.98	578516562.4	5053422.89	-248058428.6	23033487.64	381632641.6	2296319339.94	151388293.01	553346004.47	816719920.91	153459296.59	653889310.5	636759844.71	162177499.67	679531823.11
0001099263-25-003630	T. Rowe Price Blue Chip Growth Fund, Inc.	S000002069	HSLL2MK472W0QQE4O080	69403883313.959991	39554713.34	69364328600.619995	641934811.73	0	0	0	0	0	0	0	0	0	0	0	0	941.78	0	0	0	0	0	0	0	0	0	0	N	379089782.29	1991548922.19	117237637.18	322176113.34	1836463523.04	527305407.6	1146437950.909999	0	1388420319.640001	1193410184.52	0	1352690650.67	484715378.699999	0	1014116490
0001193125-25-293564	Growth-Income Fund	S000008795	UCVW0L2W23MYYH7ZDY46	44117084650.52	94640180.74	44022444469.78	0	0	0	0	0	0	0	0	0	0	0	0	0	0											N	670065554.36	483704140.56	146619497.7	354704024.03	133851243.53	1003945992.9	74692011.25	0	777007086.05	69185613.71	0	480277500.66	90388360	0	468255729.74
0001003715-25-001305	Six Circles U.S. Unconstrained Equity Fund	S000061649	54930000VMLPX7R8HM21	30443530916.26	15117530.26	30428413386	0	0	0	0	0	0	0	0	0	0	0	0	0	75643804.57											N	83314265.89	528525406.46	25725988.41	542226026.13	143785.25	869006711.97	313774238.82	0	267690842.09	311088712.49	0	201516115.16	333817627.75	0	237525333.77
0000826473-25-000044	VANGUARD EQUITY INCOME FUND	S000002579	UO460D1MXHYWCLZ3CQ48	61698565029.95	15735354.93	61682829675.02	0	0	0	0	0	0	0	0	0	0	0	0	0	59348011.47											N	274634653.22	-234859002.44	295399540.07	2089989307.75	607103943.27	-95503767.42	481581209.960007	17.83	765412954.49	434528050.089996	12.51	786063585.21	557747292.5	311143122.77	1113274455.61
0001410368-25-031962	N/A		549300NZAMSJ8FXPQQ63	674700775925.54	1974102574.35	672726673351.19	0	0	0	0	0	0	0	0	0	0	0	0	0	1736853606.94											N	7958850591.8	5824668875.56	7888651172.09	4346762828.87	10291302249.5	12654476597.84	73378841699.6	0	71756855203.2	64297934598.8	0	75085808978	90943597554.85	0	94847100053.65
0000752177-25-000256	VANGUARD TARGET RETIREMENT 2060 FUND	S000035453	9QJI18J11RNIQTQGZY66	37988461179.83	0	37988461179.83	0	0	0	0	0	0	0	0	0	0	0	0	0	4512593.42											N	30961409.93	258493091.53	69638924.55	931858053.87	26963513.74	1049550775.96	607189927.169998	0	347771591.77	595492187.800003	0	448381958.57	730254275.25	0	477398347.11
0000036405-25-000234	VANGUARD VALUE INDEX FUND	S000002840	HH8Q33B0J5YWPPIGZP55	208575456925.17	759374981.33	207816081943.84	0	0	0	0	0	0	0	0	0	0	0	0	0	974804130.62											N	263175431.1	-341884813.84	200367894.28	6112224181.71	1615647534.01	2680870009.46	2040119033.46002	277362494.44	1735382842.06	1716179835.26998	0	1429410239.45	5037771612.64001	266665391.31	4073678856.42
0000035402-25-003068	Fidelity ZERO Total Market Index Fund	S000063106	549300FFNXVHOJC56592	31891883631.37	147581565.54	31744302065.83	0	0	0	0	0	0	0	0	0	0	0	0	0	298701.47											Y	-14650166.16	632958893.25	6212110.35	986568538.26	-14158119.72	674174858.99	513368708.46	0	306956424.5	565078415.46	0	306331000.14	644259102.88	0	387509022.28
0001193125-25-251567	Growth Fund of America	S000009228	VOJHP0RJPD2FRCAXQJ44	329825790766.01	789539056.58	329036251709.43	0	0	0	0	0	0	0	0	0	0	20357493.33	0	0	0											Y	1311322109.69	19357781197.43	860257739.43	5523367825.01	787572101.25	4816173563.58	1812394144.39	-2968.95	3464576601.63	2275080585.53	-3233.7	4220681740.23	2087384697.56	7618.82	3948835812.71
0002071691-25-003733	iShares 7-10 Year Treasury Bond ETF	S000004358	549300XS1PPZG92M8L16	35782413567.03	4245055.14	35778168511.89	0	0	0	0	0	0	0	0	0	0	0	0	0	0	81.97	0	0	0	0	0	0	0	0	0	N	-11205577.34	438297827.07	-4611891.92	-309389964.87	-34334137.85999999	493380776.05	945315431.13	0	1319282148.3	1344603561.99	0	673377961.10000002	1004016090.5	0	1040006098.1
0000752177-25-000254	VANGUARD TARGET RETIREMENT 2040 FUND	S000012761	SR4MBA5TKXX2H6WDUH78	105923838272.82	0	105923838272.82	0	0	0	0	0	0	0	0	0	0	0	0	0	30855300.63											N	115470702.88	516902809.74	92774306.87	2359517379.41	170336986.02	2457304752.31	966522772.080002	0	1030485282.98	899302569.449997	0	1055144174.11	1100037980.88	0	1147358731.77
0000035402-25-001445	Fidelity Series Investment Grade Bond Fund	S000023604	7B6U1TGPCZG3LQQICN38	44819303816.52	7793025637.9	37026278178.62	0	0	0	0	0	0	0	0	0	0	4642669298.62	0	0	16657163.19	372210.62611686	2433518.84414002	8143983.5354542	7254450.52907456	3969640.19242664	12580.03300972	43424.2391962	28578.34330127	809.18628458	0	N	-71088862.66	528199127.32	-8296356.1	-214154155.78	8256365.66	319260870.79	1611112078.53	127142624.58	212484153.66	891015200.47	129113921.09	355361661.87	152359161.35	135721833.48	449334915.8
0000752177-25-000259	VANGUARD TARGET RETIREMENT 2025 FUND	S000002572	0VFR5I6Y0CN9MU5JCZ52	76799927090.33	0	76799927090.33	0	0	0	0	0	0	0	0	0	0	0	0	0	13539769.05											N	631441835.88	-389061224.5	386264471.95	1007817789.86	541817388.07	784923044.58	443058537.800018	0	1333385629.63	487896873.01001	0	1286429368.72	618531643.759979	0	1414476061.54
0002071691-25-010101	First Eagle Global Fund	S000011211	549300EP0EVC5GLYL794	68542160400.18	80665977.61	68461494422.57	0	6567028276.96	0	0	0	0	0	0	0	0	0	0	0	0											N	23639404.77	2753239501.43	741231802.48000002	2215833741.72	421125673.32999998	-120295027.95	728190841.63999999	0	635089328.76999998	701905987.36000001	0	676556353.58000004	875391876.52999997	0	949857974.65999997
0000940400-25-014353	iShares Core Dividend Growth ETF	S000045648	549300KH155G8BRZXD37	34573852787.25	2393496.71	34571459290.54	0	0	0	0	0	0	0	0	0	0	0	0	0	5969446											N	79791624.82	999949495.19	663322902.2	64175009.77	44210265.71	-95493945.75	217112039.45	0	205482901.1	1391873294.55	0	1255475307.9	273867820.88	0	112843631.35
0001099263-25-004413	PIMCO Total Return Fund	S000009707	GCOBPT5OHTVIN37L8N43	76075326693.86	30690343603.27	45384983090.59	0	0	673779172.99	0	0	0	0	0	0	0	823348786.82	0	0	179044693.09	2319560.9396	2918136.2694	10703451.9723	3380867.3978	-259011.5748	234312.2638	529357.5649	1088986.6885	193190.8321	15662.7757	N	-32545858.48	-440721580.55	98258823.48	408190935.54	112333401.19	330283307.15	856314052.51	147104128.25	967394290.59	647248164.21	161641805.17	712655322.06	825431507.63	160853023.01	819596594.96
0001021882-25-000198	VANGUARD RUSSELL 1000 GROWTH INDEX FUND	S000030002	ZOICJ1BTWYKFQSJDPN63	39932930492.38	3153599.56	39929776892.82	0	0	0	0	0	0	0	0	0	0	0	0	0	0											N	936372827.25	1339325054.1	64825510.68	1347288455.04	8912639.46	404014784.53	3035218603.12	9893400.27	2945207620.23	287724716.579994	0	223363912.38	479852084.270004	0	132824569.08
0000035402-25-002272	VIP Contrafund Portfolio	S000007724	63OPVRZIKP7DI20FOE51	28458595848.42	152136942.68	28306458905.74	0	0	0	0	0	0	0	0	0	0	0	0	0	820318.75											Y	1016029857.35	-194725785.24	298253321.98	-73645997.01	268858067.84	494437385.23	90738659.57	0	322386217.01	97147895.41	0	284177527.86	94424760.37	0	272220520.87
0001410368-25-017888	iShares Core U.S. Aggregate Bond ETF	S000004362	549300F7VSXTKBGHJE47	134364167329.28	3746650844.36	130617516484.92	0	0	0	0	0	0	0	0	0	0	14159054.34	0	0	7447545.09	2639.16	1294179.2	18670145.25	11705082.63	10459842.43	59923.56	0	0	0	0	N	-11743657.65	1544121514.42	-81162337.76	-671306032.82	-2913426.91	1100580092.57	3349318163.4	0	0	346570738.1	0	884439676.3	1595493211.9	0	0
0001410368-25-032172	S&P 500 Index Master Portfolio	S000004285	5493007HYX7NC9R77G02	53254006681.95	610775654.49	52643231027.46	0	0	0	0	0	0	0	0	0	0	0	0	0	6298654.09											N	67730527.3	1006494714.53	33773293.55	920194904.4	131325558.16	1658094611.08	996199071.58	0	1745425028.78	996199071.58	0	1358826829.76	668952463.56	0	1022538742.21
0001193125-25-293305	American Balanced Fund	S000008801	L8DP8S00A6XHCCDH3332	281843848733.06	18452276659.29	263391572073.77	0	0	0	0	0	0	0	0	0	0	0	0	0	85322691.41	-103392.4918	-1953993.365	-4500094.311	-3609621.944	-1776634.276	-5938.262311	-378880.759	-1934982.34	-280104.5294	-105269.9238	Y	2194738692.93	-77032172.68	954269660.25	2500539303.63	221440089.76	6775508806.57	2306636863.18	1382.88	2772311792.79	2307543305.08	928.69	2847760925.91	2304711267.73	791729090.39	2952605627.41
0001003715-25-001337	Bridge Builder Core Plus Bond Fund	S000049701	5493008FDGLC90EUMI09	62354161369.76	19405613967.07	42948547402.69	0	0	0	0	0	1728.39	0	0	0	0	2932947.96	0	0	0	41794.755722	961938.142093	5788106.515613	7193368.579096	482499.751752	2874.938875	106574.594466	479167.056964	213625.316652	77473.574909	N	-12230064.15	-205977226.55	-9096538.36	377817266.66	112349522.55	182055931.13	858356020.11	71970679.85	278866566.46	672596388.4	175047523.01	302745527.21	702912905.14	172294176.07	333753706.51
0000940400-25-010641	iShares S&P 500 Growth ETF	S000004311	549300RYFG0B8O3DPR13	66323567756.06	491281179.03	65832286577.03	0	0	0	0	0	0	0	0	0	0	0	0	0	2234396											N	394042842.34	1657686842.08	220390966.07	255304702.4	505997985.44	2780136603.76	254827321.25	0	624677518.7	516169486.45	0	364232001.2	321592394.45	0	805869181.4
0001003715-25-001032	Parnassus Core Equity Fund	S000000856	2549006DFEPKUNK4Z657	28049330050.23	52583102.08	27996746948.15	0	0	0	0	0	0	0	0	0	0	0	0	0	159816378.8											N	217489334.6	413555450.06	731577986.63	-788644863.61	269575192.34	-118552128.66	300083411.5	16319807.15	827210793.15	195423181.8	0	463045666.83	307053493.66	0	819390887.78
0000734383-25-000143	VANGUARD DIVIDEND APPRECIATION INDEX FUND	S000011322	NZNUF7ICG82673HU4842	116518832011.46	3610106.8	116515221904.66	0	0	0	0	0	0	0	0	0	0	0	0	0	37487509.48											N	22098015.66	2516704755.72	184134299.29	2733238103.35	51864106.07	419409765.71	599278332.120026	5.33	222884028.78	433762271.339996	57383950.67	612466430.76	1086480105.34	2224.04	307764463.87
0001021882-25-000207	VANGUARD INTERMEDIATE-TERM CORPORATE BOND INDEX FUND	S000026863	VKDXEYNPEMWGHJ22MR31	59373921862.7	25921314.11	59348000548.59	0	0	0	0	0	0	0	0	0	0	17068337.3	0	0	7285957.99	-56060.67942132	-1193310.58017686	-17321052.98182915	-17342494.87304912	-102642.99259146	-1195.08663894	-25457.50538493	-385233.2410222	-248019.9017548	-101.87528192	N	-84048337.03	919914336.03	-50776245.67	-70164442.16	15265499.55	495491025.97	2427485690.10999	6571862.22	1547972346.77	2221478997.47	6470399.91	3174165331.27	6534214187.39999	6901263.26	3616251188.77
0001410368-25-040425	U.S. CORE EQUITY 2 PORTFOLIO	S000000980	549300ADSTXJ0S61X417	36981646566.2	1215333001.76	35766313564.44	0	0	0	0	0	0	0	0	0	0	0	0	0	11552016.36											Y	79498988.86	892569290.31	380836334.31	465990572.32	524406963.83	-224458564.51	224565759.82	0	471979391.51	666394351.25	100268834.6	896272139.46	836853874.42	0	1208114443.2
0001410368-25-040424	INTERNATIONAL CORE EQUITY 2 PORTFOLIO	S000000983	5493006PNAH8EX4MI695	39524675917.83	2725908132.21	36798767785.62	0	0	0	0	0	0	0	0	0	0	0	0	0	424400314.7											Y	-77842757.23	1755372184.04	11078851.58	756835696.51	-27556822.8	66528840.7	331044475.2	0	378589994.68	403490533.12	266067066.08	709058280.18	421367412.2	0	685466571.07
0000794105-25-000140	VANGUARD SHORT-TERM BOND INDEX FUND	S000002563	8HCQSCIN7KY15DIET796	65468213935.38	98928060.44	65369285874.94	0	0	0	0	0	0	0	0	0	0	0	0	0	73946183.51	-22846.85416318	-2260655.18441457	-3004398.59163092	-39940.56583072	-18440.97233425	-419.40280627	-35313.49465793	-46762.79053534	-.56662042	0	N	-4636903.26	-261726938.37	-25092709.78	495223651.86	-11130579.08	-16333879.87	847439357.519989	72483909.21	951656730.87	917057613.019989	75444374.95	405299966.56	954127540.950012	75963996.06	478270342.49
0000035402-25-001483	Strategic Advisers Fidelity U.S. Total Stock Fund	S000061481	549300HE7P6L7KM5WL14	179170362316.43	1724142332.64	177446219983.79	0	0	0	0	0	0	0	0	0	0	170281.27	0	0	264648814.37											N	621380682.81	7082128773.99	377718833.88	3305110423.76	339068466.88	3323273272.13	4196334783.7	0	5258015146.78	4940874827.2	3717552126.52	1831427993.24	5045216274.04	0	1787787398.47
0000035402-25-002187	Fidelity Freedom Index 2040 Fund	S000026419	549300V4PJIH00UCCQ06	28505494865.13	1322872.39	28504171992.74	0	0	0	0	0	0	0	0	0	0	0	0	0	40.37											N	11263170.72	149659359.36	13293349.7	656301386.25	3137462.29	874066158.24	701393125.55	8.01	498646923.59	695543402.65	0	693985841.98	830882572.45	0	721097853.28
0001410368-25-019349	Lord Abbett Short Duration Income Fund	S000007279	0O8RLNVRD61T45VNF625	48799165936.16	5924953759.76	42874212176.4	0	0	0	0	0	0	0	0	0	0	4531402857.9	0	0	257256099.84	-175600.36	-2974752.73	-3010933.97	-43798.9	-3311.3	-91472.23	-793901.5	-1040307.18	-29552.91	11397.53	N	17077953.9	173863822.62	32738071.21	-98362394.56	23662621.12	171115710.49	916970090.43	171704922.88	971597398.94	972192557.62	169841735.27	1027927631.71	951406401.11	168574601.86	962287264.83
0001378872-25-000392	Invesco NASDAQ 100 ETF	S000069448	549300TKJ3EA6QHM7D23	59750120421.55	952863496.86	58797256924.69	0	0	0	0	0	0	0	0	0	0	0	0	0	6914.81											N	109173564.84	2963645200.88	177770940.73	1105353000.07	329582032.11	138743040.28	1668909539.42	0	360989028.7	2349176893.42	0	441715448.92	3181917090.3	0	794813445.69
0000794105-25-000143	VANGUARD TOTAL BOND MARKET II INDEX FUND	S000025158	E3F24BZCDA1UXGFMYX67	354677575084.77	17253687205.75	337423887879.02	0	0	0	0	0	0	0	0	0	0	5136074245.06	0	0	0	-274911.42327344	-8660994.09211952	-26314670.26730843	-39833792.72164103	-19397183.3068717	-1869.12116248	-87138.93674868	-282973.81862787	-396830.07838207	-233473.22773453	N	-134424020.53	-1659707346.76	-32363806.75	2710214972.34	4316138.85	2380636510.08	11415385595.15	1023928374.67	1546189285.42	3041056336.17993	1078648749.52	2545668592.49	8902449639.09998	1101240958.2	2860180108.6
0000894189-25-015338	Baird Core Plus Bond Fund	S000000754	549300S4MBFCLLUH2X28	40672774055.56	84513364.72	40588260690.84	0	0	0	0	0	0	0	0	0	0	73870974.55	0	0		215485.774077	1731273.595782	4573654.078895	8108059.290668	7296616.877861	78447.105081	128828.386111	149552.800562	61814.93496	11367.144065	N	-7293449.6	-178245401.33	3494676.8	303540523.13	8163980.22	284538690.47	949774348.85	129952687.54	827066537.12	776291319.15	123994907.9	388048675.37	807673950.91	121673729.88	467969412.99
0002071691-25-007774	JPMorgan Equity Premium Income ETF	S000068402	549300WPLSUZ3ZNSFP07	41330545672.25	11500978.36	41319044693.89	0	0	0	0	0	0	0	0	0	0	0	0	0	1314240.99											N	-458061667.61000001	214845325.74	-13953381.94999999	504886231.67	-60133262.81	34737816.57	387795855.87	0	379333322.88	273147597.64999998	0	192564907.27000001	311247450.75	0	271219336.07999998
0000777535-25-000037	College Retirement Equities Fund - Global Equities Account	S000005081	549300MTG0E2EEITEN34	33542004646	141956812	33400047834	0	0	0	0	0	0	0	0	0	0	0	0	0	8117767											Y	202949615.7	162098040.66	306830107.29	440785211.89	444099929.41	634932932	233104789	0	449402896	1748410089	0	2062437520	225743010	0	492857375
0001410368-25-032041	SPDR Portfolio S&P 500 Growth ETF	S000006984	549300VUPJJVH7HVPB06	43517579575.14	1799987.59	43515779587.55	0	0	0	0	0	0	0	0	0	0	0	0	0	0											N	34885351.3	1253895989.72	163833674.29	144908218.3	84303992.05	2020614182.29	449889037.85	0	86536814.4	861152797.45	0	340316023.7	1320300915.5	0	210702762.9
0000777535-25-000040	College Retirement Equities Fund - Growth Account	S000005082	549300EVA8JGN7570784	43678804257	355978575	43322825682	0	0	0	0	0	0	0	0	0	0	0	0	0	0											Y	482959345.98	963968437.47	269037591.23	-169968423.3	177251943.23	1545669476.79	153002138	0	542557753	2318408205	0	2711258783	193928929	0	573876072
0000052848-25-000264	VANGUARD U.S. GROWTH FUND	S000004444	4IESARCYK2P68FL7C831	49281390913.58	21700010.73	49259690902.85	0	0	0	0	0	0	0	0	0	0	0	0	0	1074645.52											N	320483000.94	2828942940.86	555377147.92	955791493.64	162168170.84	41627072.68	190579903.709991	16031.1	700397425.45	224035396.960007	0	671639260.02	203596646.459995	0	969087918.33
0000036405-25-000245	VANGUARD MID-CAP VALUE INDEX FUND	S000012757	Q4QUKKUM8YYJ562GIO45	32579027642.96	96880622.09	32482147020.87	0	0	0	0	0	0	0	0	0	0	0	0	0	11159310.91											N	18434853.7	482479562.1	3654325.96	953750006.17	67901834.7	346338685.23	187056642.51001	59737679.36	230253205.72	287997665.960002	0	337329574.72	951602978.559998	58667099.91	897736300.66
0000794105-25-000138	VANGUARD TOTAL BOND MARKET INDEX FUND	S000002564	CIJB0QNLPT2SSWMJ5W92	377630047195.62	4059207263.85	373570839931.77	0	0	0	0	0	0	0	0	0	0	2483528945.36	0	0	392461027.4	-311422.17647155	-10004523.60247587	-29496491.96630089	-44363332.58931512	-21388441.22293247	-2192.02312667	-102821.679688	-347683.34170234	-440182.8436602	-252422.59164751	N	-212395741.93	-1802457539.93	-316699210.45	3341686427.08	-41129768.13	2719593086.41	8208874325.54004	684258753.65	5520106250.99	6636858070.44995	708690766.99	4814089480.9	8056037939.08997	714463556.27	3997412522.12
0000894189-25-015336	Baird Aggregate Bond Fund	S000000753	549300NWEXVVDQ3ROW37	56300164005.18	311969952.08	55988194053.1	0	0	0	0	0	0	0	0	0	0	265380144.12	0	0		176880.885229	2240416.754337	6431126.661746	11783743.107342	11271145.649054	1232.301394	16269.588768	47733.692439	44385.913203	28296.887341	N	-1609809.82	-278674397.29	10018167.91	418658189.52	-5867895.12	431702181.63	1082496028.05	172597826.04	688070341.69	1707456311.36	165759283.14	650911165.6	984125660.46	163158436.91	824900017.79
0002071691-25-003725	iShares 20+ Year Treasury Bond ETF	S000004360	549300WWURKS1JGBZU59	47481012122.41	5936837.63	47475075284.78	0	0	0	0	0	0	0	0	0	0	0	0	0	12822.54	107.56	0	0	0	0	0	0	0	0	0	N	-334451040.33999997	1422534965.38	-146626791.28999999	-534172500.95	-338210908.43000001	128060902.06	3029984865.1599998	0	6070827370.3999996	4692761902.9499998	0	4522637176.3000002	3868199356.29	0	4617424618.6000004
0002071691-25-006423	Franklin Dynatech Fund	S000006754	549300ZT4KNXE58HPQ47	29540153338.97	78143253.47	29462010085.5	0	0	0	0	0	0	0	0	0	0	0	0	0	11.75											Y	207067642.21000001	673393257.36	24175426.39999999	277329716.19	245523836.81999999	1169222460.2	281549878.08999997	0	525643894.52999997	270527018.57999998	0	438800979	287635818.14999998	0	484135971.79000002
0001410368-25-017267	Schwab U.S. Dividend Equity ETF	S000034163	549300MUIMRQQDWJ5226	72721520664.57	140550488.93	72580970175.64	0	0	0	0	0	0	0	0	0	0	0	0	0	10091351.03											N	-45470086.1	1225828177.15	71014891.87	-268567801.68	95374984.46	3403800765.07	777689032.65	0	640002399.9	430870596.95	0	458765159.25	309713259.9	0	495153100.85
0001410368-25-041185	N/A		54930039F2SG3UG2OZ18	42152495613.57	40989606.35	42111506007.22	0	0	0	0	0	0	0	0	0	0	0	0	0	32960397.23											N	396001958.01	835072996.39	408596221.59	317505989.69	504146434.94	513391043.97	4365936547.9	0	3794578525.05	3351889441.25	0	4196809191.65	7104545366.2	0	5490804246.85
0001410368-25-042035	AB LARGE CAP GROWTH FUND INC	S000010251	549300KG2R9A3RW3L081	27726627047.5	96440951.16	27630186096.34	0	0	0	0	0	0	0	0	0	0	0	0	0	0											Y	321176337.26	-87488470.91	136474351.17	648159904.5	703072570.83	-170776710.73	257804024.17	0	817418891.64	249321688.33	0	622148116.73	262786677.03	0	768890897.65
0000225997-25-000205	VANGUARD LIMITED-TERM TAX-EXEMPT FUND	S000002895	KL7335P5XPCWYYNGOF77	33204455795.18	411817492.19	32792638302.99	0	0	0	0	0	0	0	0	0	0	196936078.25	0	0	9160377.43	-101063.70921759	-1389247.1523309	-4000810.16154262	-4773208.10223977	-2784263.58100402	-1586.87565071	-44648.90835562	-82714.93307297	-33411.50543263	-721.34476666	N	4190341.61	126790386.55	3925388.15	108261926.1	1475496.19	-47386995.98	698828615.920014	58757578.8	526956087.42	681562821.699982	60101439.62	511292748.95	721781284.920014	61518400.05	393429175.47
0000857489-25-000152	VANGUARD EUROPEAN STOCK INDEX FUND	S000005787	361APDRO23LM07VQYX32	35281146694.47	23522112.01	35257624582.46	0	0	0	0	0	0	0	0	0	0	0	0	0	25072554.49											N	-6135398.35	1218139857.88	-59332049.13	809015823.24	-16858524.33	63078854.05	111577272.019993	0	98848174.6	292637958.680008	15586283.68	84358088.83	198399907.720001	0	126405147.47
0001193125-25-334932	 Ultra Fund	S000006195	F6OVJ18MFLNHYYI4ZV69	28234486162.5	23894701.13	28210591461.37	0	0	0	0	0	0	0	0	0	0	0	0	0	0											N	231789659.77	117619210.49	349037655.76	841565256.32	435995647.83	913548404.1	69045228.22	0	649805928.79	335878861.99	0	592535606.75	83065141.52	0	302990333.69
0001193125-25-334093	American Funds 2040 Target Date Retirement Fund	S000015561	5493005UHC2C0FQBDR05	50486523880.61	69305674.04	50417218206.57	0	0	0	0	0	0	0	0	0	0	0	0	0	0											N	30432716.5	900424531.74	39114404.54	1053152376.73	69437058.99	682145385.62	616861883.64	124.98	825118490.79	651096936.73	-86.98	768544795.62	645709355.84	-792.55	976963363.66
0000035402-25-001475	Strategic Advisers Fidelity International Fund	S000029153	549300RL78WW24QSWN11	55666375249.52	324120171.71	55342255077.81	0	0	0	0	0	0	0	0	0	0	2342295.14	0	0	125114643.94											N	30621615.44	1238231150.63	15277804.28	-976672217.22	-7350889.27	1830502467.71	1590658905.73	0	730783783.52	1625632425.97	0	436013397.7	1643024359.09	0	1153467402.65
0000036405-25-000241	VANGUARD LARGE-CAP INDEX FUND	S000002843	E6X2OQ8OM0Z814YUKF70	66686464160.76	124177292.93	66562286867.83	0	0	0	0	0	0	0	0	0	0	0	0	0	32511357.45											N	111083271.09	1277321428.63	8760544.73	1130399052.99	-30294306.95	2368457340.23	548785972.32	45431389.47	362542882.64	334226572.669998	18.86	204730951.12	428867416.420006	43788057.34	340325837.44
0001193125-25-293319	EUPAC Fund	S000009618	77WINTZWMLWP62JWI085	137709454844.63	1410968177.35	136298486667.28	0	0	0	0	0	0	0	0	0	0	0	0	0	126323562.61											Y	870515817.15	-2850683909.32	868688793.04	3989701639.71	921499015.5	3912292291.85	1048909356.66	-548.45	3336683434.22	915983061.94	91.08	3474378765.51	1001751892.4	68.75	3080811692.21
0002071691-25-007741	JPMorgan Large Cap Growth Fund	S000003856	549300B21XF5FG1XOB26	125806385685.36	230848492.23	125575537193.13	0	0	0	0	0	0	0	0	0	0	0	0	0	8432260											N	1649814582.29	1349947821.69	2449913412.6599998	-1865714289.71	1058650215.61	5897439318.11	2172857753.1700001	0	2254517068.9299998	2134464604.55	0	1782905564.0999999	2588854501.1900001	0	1817330303.54
0000752177-25-000261	VANGUARD TARGET RETIREMENT 2035 FUND	S000002573	G1WRFPLZZ155XL7YVZ96	116354562496.28	0	116354562496.28	0	0	0	0	0	0	0	0	0	0	0	0	0	10580982.31											N	255352714.48	324335802.93	136664581.23	2362813989.7	228507672.97	2447105699.26	1049696356.41	0	1209199889.33	1004812580.88	0	1104184477.58	1163771538.06	0	1537100628.64
0000910472-25-005072	Catalyst/Millburn Hedge Strategy Fund	S000052043	5493000PE4V447KCC838	35866304856.02	27554626971.27	8311677884.75	0	1425073305.2599998	0	0	0	0	0	0	0	0	0	0	0	71874242.96	0	0	0	0	0	0	0	0	0	0	N	-31976772.06	35163504.45	20553402.04	121714011.5	15703903.11	78685086.74	160130606.71	0	182937907.61	134663819.34	0	177348190.82	162702563.48	0	156566129.02
0001067839-25-000007	Invesco QQQ Trust, Series 1		549300VY6FEJBCIMET58	386416781003.29	661593020.19	385755187983.1	0	0	0	0	0	0	0	0	0	0	0	0	0	678173556.53											N	4643333602.26	3540576502.59	5249973882.24	-2317982253.24	6888378538.97	13190716098.79	27370055158.43	0	28321677427.62	31095789606.67	0	29312417998.79	36542679159.41	0	36091939195.99
0001410368-25-038298	Goldman Sachs GQG Partners International Opportunities Fund	S000055738	549300KNO4AKE1XOS861	54482360425.98	566076122.62	53916284303.36	0	0	0	0	0	0	0	0	0	0	0	0	0	35545480.99											N	562666185.08	729605633.55	-68425965.8	346012407.81	480989587.97	-791120045.63	1067027827.53	0	948237107.42	1163457220.73	0	1353309164.57	1289333510.18	0	1300571938
0000106444-25-000232	VANGUARD SHORT-TERM INVESTMENT-GRADE FUND	S000002591	WND5AL1X7F6HQ5QJ3208	54448767834.81	740859059.22	53707908775.59	0	0	0	0	0	0	0	0	0	0	66709936.47	0	0	39210561.38	-80286.00445751	-4858749.58284775	-7739957.30575484	-242041.48023405	-27206.83130945	-9046.540244	-222855.65544425	-263088.55031483	-6910.1596296	-479.98723883	N	6530039.04	379210840.38	35753575.17	-6453131.96	26814226.27	-62303207.04	869165547.5	176740522.49	806982864.72	789031123.200012	178484227.48	923065442.82	1085609775.94	176718880.5	824725475.11
0001004726-25-003167	iShares MSCI USA Quality Factor ETF	S000041444	5493007KMK0CQLE2O168	52800610676.61	77458957.91	52723151718.7	0	0	0	0	0	0	0	0	0	0	0	0	0	0											N	154939674.01	1154159903.18	1078810567.68	553865647.15	391482325.5	59335691.68	343857106.6	0	428641933.9	436878844.2	0	3058274769.2	77709378.8	0	952352330.6
0001193125-25-301809	Janus Henderson Research Fund	S000010470	TO5UP72VAT80SBB47C78	28617989217.95	21918433.53	28596070784.42	0	0	0	0	0	0	0	0	0	0	0	0	0	3540234.37											N	87417493	939167160	70238046	-113057029	432572655	631837155	750618113.54	0	201299495.58	150057775.94	0	194160306.07	108688264.95	0	206532727.23
0000734383-25-000149	VANGUARD DIVIDEND GROWTH FUND	S000002920	8WLBTFQ5G5FIXQ6NB174	43825696980.21	9411502.78	43816285477.43	0	0	0	0	0	0	0	0	0	0	0	0	0	87586.21											N	235876470.24	1157713414.5	1240871680.35	-1473233344.23	929365077.34	-734188840.78	93231341.230011	0	1209951580.16	92988944.739994	0	1644551880.96	89317525.5	0	1512143019.47
0001410368-25-043401	BlackRock Global Equity Market Neutral Fund	S000039460	549300FWX3HQBUJIR891	27911295595.69	20701077346.9	7210218248.79	0	0	0	0	0	0	0	0	0	0	0	0	0	103572631.44	307.43	0	0	0	0	.01	.01	0	0	0	N	8538214.03	-7294986.18	213102.37	13886249.36	-2860737.98	895751.09	491979077.22	0	164703562.07	446531464.38	0	145112333.38	601958505.13	0	293679123.13
0000036405-25-000239	VANGUARD MID-CAP GROWTH INDEX FUND	S000012756	M6JWDO0S7R5FNUM8T614	33108370026.77	27923020.72	33080447006.05	0	0	0	0	0	0	0	0	0	0	0	0	0	5274655.84											N	240089693.25	518218914.47	21106994.73	-276514217.07	331703279.01	156111288.64	805503509.350006	18852809.56	568000957.68	349347551.419998	0	283866047.8	1414977308.77	19344748.38	1144075973.52
0001193125-25-293318	New Perspective Fund	S000009613	MVJJ5XRND2TZ5KBTXC77	162698144120.85	252117402.34	162446026718.51	0	0	0	0	0	0	0	0	0	0	0	0	0	0											Y	248450738.94	454484221.66	384663767.6	2439073561.84	885039578.24	3658788532.56	1157863127.73	-350.88	1521993858.36	1057998959.11	163.57	1546253660.66	1164100875.31	-403.94	1743478601.01
0001099263-25-004447	PIMCO Short-Term Floating NAV Portfolio III	S000037048	LWVQWTQCFH3YG7CVH718	33505175469.22	268430346.48	33236745122.74	0	0	0	0	0	0	0	0	0	0	0	0	0	60045634.82	198841.3658	30299.1066	65.5291	0	0	0	0	0	0	0	N	4585210.19	-68399866.25	-13663902.43	45157190.49	6534062.32	-8723126.76	15799900000	106488781.1	19777695504.01	15799400000	122898861.78	10830826834.37	15847100000	122766718.72	16906920341.12
0000225997-25-000214	VANGUARD INTERMEDIATE-TERM TAX-EXEMPT FUND	S000002894	CR5L0XWH0W8A2XVN7S86	83611609541.82	767632161.82	82843977380	0	0	0	0	0	0	0	0	0	0	471097275.45	0	0	0	-148590.96033707	-2907501.31372141	-10791438.9698353	-24946498.70182801	-6777367.3294396	-1485.90291045	-31020.40258987	-109025.12836601	-214533.97122641	-28998.0928328	N	-16269857.15	457946584.95	-6866826.09	1314848799.75	4766605.89	649144711.42	1532378460	158713826.6	1175346019.26	1751172509.20001	163735390.13	1111994982.56	1891433236.19	168382334.46	976976256.52
0001193125-25-334097	American Funds 2050 Target Date Retirement Fund	S000015563	549300RJ270M0BAH4165	40005471611.21	127423031.1	39878048580.11	0	0	0	0	0	0	0	0	0	0	0	0	0	254211.61											N	14277057.99	743678777.85	28090400.57	928598813.75	50958759.42	631691515.82	543429919.38	36.2	662079314.2	577384914.85	174.45	643846420.39	601829408.08	-30.8	907779113.7
0000035402-25-001486	Strategic Advisers Fidelity Core Income Fund	S000062265	5493002W9RRD825B2880	100257447630.19	16292808469.1	83964639161.09	0	0	0	0	0	0	0	0	0	0	9774708430.37	0	0	155714371.27	486916.86779755	3187390.00990529	8262177.8524109	7933984.74123939	3738084.69392459	36368.55106573	102855.64954907	94056.12383617	14045.68502113	4781.73326185	N	-8302192.94	1016062865.12	8725909.33	-471042395.51	16891970.05	734419835.2	5031323910.34	250742968.4	1012573985.29	2398922240.38	256309762.41	1259483627.98	2401566137.67	305164508.1	1265180040.03
0000035402-25-002946	Fidelity Large Cap Growth Index Fund	S000054095	549300Q3W0SC10KDLH86	44096428301.82	65429231.76	44030999070.06	0	0	0	0	0	0	0	0	0	0	0	0	0	204721.01											Y	28293.83	411638933.04	117564493.85	1979800765.53	67741.06	1522364372.72	930471549.31	0	586990997.33	986412545.68	.04	727737630.44	1152524498.33	0	866220152.37
0001410368-25-031990	The Health Care Select Sector SPDR Fund	S000006412	549300EJNY3KKJHPOY44	34052866091.5	37990913.17	34014875178.33	0	0	0	0	0	0	0	0	0	0	0	0	0	0											Y	78172961.25	-1239445256.8	28051273.47	1634275338.97	92059649.76	439488171.33	1873156936.9	0	2674684751.95	2043199182.3	0	2230856354.65	1710801331.25	0	2094693895.45
0001410368-25-043382	iShares MSCI EAFE ETF	S000004351	549300O0XO3KDQV68404	68548453111.26	456724911.5	68091728199.76	0	0	0	0	0	0	0	0	0	0	0	0	0	92298751.64											N	-85971025.72	2952629684.15	11111833.73	1371597915.06	-1372063.98	579363440.96	0	0	0	0	0	0	0	0	0
0001410368-25-017902	iShares MBS ETF	S000013702	549300M0TH0IE2E6RP07	42669284315.8	1653204020.61	41016080295.19	0	0	0	0	0	0	0	0	0	0	0	0	0	0	774.06	216855.22	14120888.79	7712622.13	0	38498.49	0	0	0	0	N	-1394854.2	544006983.12	4998905.46	-300288742.47	11440438.75	482604029.82	554917893	0	0	977553834	0	0	505358703	0	0
0001410368-25-032147	iShares S&P 500 Index Fund	S000004272	54930044UW5DQ1DX0D35	52075823115.25	191178675	51884644440.25	0	0	0	0	0	0	0	0	0	0	0	0	0	0											N	0	0	0	0	0	0	820292696.75	170683370.31	1553418593.05	610809240.3	470.16	945037333.03	664459364.93	0	1055794832.96
0000898745-25-000869	MidCap Fund	S000007075	549300D8KHZ8MDOZYC94	31713374940.64	134087318.17	31579287622.47	0	0	0	0	0	0	0	0	0	0	0	0	0	0											N	138708523.56	80481902.860003	86175091.8799999	-667338099.479994	170457291.12	-1549985972.660002	668985968.14	0	402994042.94	922747600.08	0	370997213.74	623756481.37	0	831187083
0000035402-25-001447	Fidelity U.S. Bond Index Fund	S000017676	5VUJ0DJSDOFYE2WQN531	67596675291.2	1677974137.26	65918701153.94	0	0	0	0	0	0	0	0	0	0	662992521.03	0	0	54482081.74	869037.82835599	6015759.80999535	12421787.7791918	13505479.803577	6088295.27536483	0	0	0	0	0	N	-9247655.5	779594664.19	-13045290.36	-360168020.44	1026006.61	570136488.66	2217780119.53	175552038.11	1177609682.94	1927851180.53	175567421.5	1657315922.75	1840722184.68	183853758.52	1400304270.05
0001532203-25-000068	VANGUARD TOTAL INTERNATIONAL BOND II INDEX FUND	S000067956	549300ROYBGCYUJI4283	134745122125.25	1004413017.21	133740709108.04	0	0	0	0	0	0	0	0	0	0	0	0	0	932970708.39	-26100.29112953	-3086272.67075752	-9516454.57674015	-9391903.85962185	-3513393.22677978	-172.01428853	-13971.21140874	-26823.69128637	-16565.37329613	-2945.39256832	N	3131728.95	2304504043.12	-38946862.52	308570191.29	19951958.86	-1658517351.29	1604990889.20001	274992771.6	821784433	3358520327.04001	281173803.81	604888770	2150955951.95999	276547648.03	711368363
0001193125-25-299123	Dodge & Cox Stock Fund	S000011202	549300N2LAR50107F166	120387697567.97	46921376.65	120340776191.32	0	0	0	0	0	0	0	0	0	0	0	0	0	3943.92											N	455212213.92	-1872271336.78	989043441.17	3616148175.92	1301160777.17	-1183388822.33	1962623048.45	0	1845412223.67	2215280327.33	0	2300952729.25	1328406652.14	382373897.72	2111523562.92
0001099263-25-004472	PIMCO Mortgage Opportunities and Bond Fund	S000038441	549300PFV1F66T7RF111	46789177682.97	34285829115.75	12503348567.22	0	0	7672805792.03	0	0	0	0	0	0	0	186998258.04	0	0	133800587.14	1395557.4643	2321185.1315	4083519.6363	213532.6871	117557.663	39414.9908	116526.0943	381991.7258	58982.3668	4420.1779	N	-28025163.96	-44926534.38	45054003.2	112554039.15	79686072.75	-90514332.72	446039627.16	51798602.69	263859528.82	360582997.73	53641489.07	191370423.5	390724553.24	56594475.24	518104873.04
0001193125-25-251548	AMCAP Fund	S000008817	OREPVS5S2E6Z93JN5V46	94949234683.87	149891399.03	94799343284.84	0	0	0	0	0	0	0	0	0	0	0	0	0	0											Y	1013073417.55	4566905245.34	835969406.49	1423890233.49	163302506.46	814855612.3	428071078.4	3732137935.93	1633194922.36	461735844.41	4326.22	1130190680.97	437021717.14	-80.24	1106093573.38
0002071691-25-007797	JPMorgan Equity Income Fund	S000003846	5493004E5SGY8TJZ5623	44252216659.43	24014364.33	44228202295.1	0	0	0	0	0	0	0	0	0	0	0	0	0	553048.77											N	484261254.56999999	-401832179.82	247554796.91999999	1270116563.46	191233564.68000001	311755398.29	318925416.5	50065658.68999999	1292005611.0999999	386857148.04000002	60789302.88	930576365.42999995	298194950.44999999	58291542.17	745745392.34000003
0000035402-25-002218	Fidelity Investment Grade Bond Central Fund	S000018830	FS2SIS7AHLZIR07EXE40	49324025441.73	7406569314.88	41917456126.85	0	0	0	0	0	0	0	0	0	0	4245490653.9	0	0	222089.6	469618.70506274	2683933.26414402	9480082.66091598	9019377.48919043	4714074.43443241	12494.97981676	53515.58041729	33070.74844917	1861.27823366	5.58649349	N	-88638661.6	-165274201.98	3931243.07	346654907.2	4250376.34	282153881.78	275725020.26	148124466.32	311755455.98	151490878.12	152934032.31	57308588.74	306266465.06	153786197.95	191863763.95
0001084380-25-000533	Nuveen International Equity Index Fund	S000005368	5493007QRNHFHVDGR653	33253984235	271152486	32982831749	0	0	0	0	0	0	0	0	0	0	0	0	0	9407136											Y	-35070859.5	1436756670.5	-84609621.04	750151218.62	7459980.08	271045536.99	447187156	0	134092827	206808889	0	1059469166	273643270	0	293437826
0000736054-25-000149	VANGUARD TOTAL INTERNATIONAL STOCK INDEX FUND	S000002932	BF5U5YXM0ZHVXS3F8G71	556223351286.48	2050287946.31	554173063340.17	0	0	0	0	0	0	0	0	0	0	0	0	0	963440905.14											N	246041598.21	19489149141.1	-482099242.14	17861408823.21	-33819870.12	7745849985.99	4047221893.61006	0	4712939480.38	6603810450.54004	1968607802.33	5110478970.53	5483893647.98996	0	5469794598.96
0001193125-25-252339	Columbia Dividend Income Fund	S000012079	5QUZHQ1FJJLYJDPCQR16	44485212426.9	6114042.24	44479098384.66	0	0	0	0	0	0	0	0	0	0	0	0	0	0											N	367312631.45	861921100.62	-12093502.74	292246356.28	243729134.51	935413231.61	501944553.89	160464232.32	595881245.1	526437366.02	0	718530768.13	558788032.67	0	667654986.3
0001410368-25-028395	VanEck Semiconductor ETF	S000034411	549300MJTG2N9QRH7I02	31559736695.81	8526192.74	31551210503.07	0	0	0	0	0	0	0	0	0	0	0	0	0	20980364.72											Y	455932402.47	470359746.93	437388403.7	-299857763.56	1071842172.02	2418800218.33	2245935441.5	0	2747889211.5	2346684152.5	0	2338644714	5613483978.5	0	4505328463.5
0001193125-25-251553	New Economy Fund	S000009598	J154YSXJZPP8R8ZPNM12	39966962429.44	97159475.4	39869802954.04	0	0	0	0	0	0	0	0	0	0	2200575.36	0	0	0											Y	906854980.2	2088823936.06	306175566.46	68595271.48	169159187.29	649143339.19	196891863.25	-294.36	498874909.98	221781583.21	-115.82	381191627.67	253382216.62	-90.33	368978567.88
0001004726-25-002059	iShares Russell 1000 Growth ETF	S000004346	549300H1KWQVEKI25E14	123039551542.46	916524457.05	122123027085.41	0	0	0	0	0	0	0	0	0	0	0	0	0	1010729.5											N	855435662.07	3303084144.95	371984308.78	843912717.22	1547640869.77	4566683852.87	454147463.1	0	1329724382.4	666169711.65	0	576852573.35	1577459854.45	0	1951224293.55
0000035402-25-001329	Fidelity 500 Index Fund	S000006027	VNHOOHES3TKXOTQ3FS51	697329956501.93	1057339452.64	696272617049.29	0	0	0	0	0	0	0	0	0	0	0	0	0	34707162.99											Y	1040906941.81	30392404797.28	2494587179.24	11917987321.04	461168106.6	12540572549.26	10795082100.01	829.98	11035575111.02	12505646214.48	1876433965.94	11304105411.46	9517340360.73	-936.58	8896355196.46
0001209466-25-000763	Invesco S&P 500 Equal Weight ETF	S000060812	549300F8VBQFIX481R47	74854410785.49	2204219499.27	72650191286.22	0	0	0	0	0	0	0	0	0	0	0	0	0	346135.38											N	235488323.37	1414276562.71	487789208.63	173822991.72	512057428.26	-1264320877.6	1683216131.9	0	1038184679.45	1636623516.25	0	2122823818.11	1540352766.7	0	2525177538.87
0002071691-25-009449	iShares Core Universal USD Bond ETF	S000045644	549300IWM5U5LVTDP761	34003296750	660922820.54	33342373929.46	0	0	0	0	0	0	0	0	0	0	0	0	0	29104684.96	10517.06	363307.59	4705333.3	2698845.17	2907011.21	1667.19	66082.7	474712.89	112263.08	139777.49	N	474884.86	277910532.11	6103348.42999999	238420996.67	-539674.77	102711470.79	573021706.08000004	0	11701.27	225194756.59	0	1387394380.8199999	313907632.51999998	0	173803817.75999999
0001410368-25-032026	SPDR(R) Bloomberg 1-3 Month T-Bill ETF	S000017326	549300GQCVCME1YJ6B50	43214620419.95	1073929964.56	42140690455.39	0	0	0	0	0	0	0	0	0	0	0	0	0	0	0	0	0	0	0	0	0	0	0	0	Y	-5555.71	59595.96	-132291.34	9015994.53	2130089.42	-5805199.89	416556109.6	0	1603354529.8	2150625655.1	0	1801095058.3	1264292947.75	0	1148598038.42
0001193125-25-296899	DoubleLine Total Return Bond Fund	S000028163	54930080M2JY1L0IFX13	30601079570.15	225342479.29	30375737090.86	0	0	0	0	0	0	0	0	0	0	86989882.62	0	0	293963161.54	15189	773042	5580265	3552031	114160	14821	321685	1170843	668201	53011	N	-19126353.08	-106810723.4	-1438097.68	272506671.24	-1771739.81	130194965.15	494596973.19	91092311.55	574178907.16	518256894.86	89472085.51	701212476.2	702846560.74	90178609.85	467141242.27
0002071691-25-007618	iShares Core S&P Total U.S. Stock Market ETF	S000004317	549300E44NRXZV2OY345	79418884560.57	1448280219.3	77970604341.27	0	0	0	0	0	0	0	0	0	0	0	0	0	32166.49											N	121800024.18000001	1434214144.03	-58495543.86999999	1630005738.53	-42187519.00999999	2542035967.6	1297545584.05	0	170371242.65000001	509260641.14999998	0	0	459879160.30000001	0	21609150.6
0001193125-25-293559	Asset Allocation Fund	S000008796	NZ0CKTWRMGPUOK1M2496	29995932024.66	1827065512.08	28168866512.58	0	0	0	0	0	0	0	0	0	0	203592	0	0	0	-7323.164141	-127144.0442	-297305.933	-363028.6136	-234869.0827	-4189.790517	-79497.0063	-156201.9991	-45251.55657	-14046.44648	N	458283571.17	-344994165.55	368456439.4	-10756786.54	40791792.06	609100897.75	54415447.57	0	355968335.75	47370093.65	0	295060712.2	52069656.93	0	303873336.02
0002071691-25-004187	JPMorgan Ultra-Short Income ETF	S000054790	549300VN24B8TQAGGX74	33394526049.72	26524997.29	33368001052.43	0	0	0	0	0	0	0	0	0	0	0	0	0	3740374.13	275890.36145	2612323.09675	92371.34953	0	0	0	7049	0	0	0	N	4099482.18	38562850.44	1543078.44	-25928099.82	2978791.98	53798544.34	752282044.69000006	0	0	454886606.12	0	0	977377815.45000005	0	0
0001193125-25-334136	American Funds Global Balanced Fund	S000031109	IW8BXWMJ747EV3OLWY78	36326805385.82	6214219646.88	30112585738.94	0	0	0	0	0	0	0	0	0	0	0	0	0	3922787.47	-8398.74	-163013.36	-399368.88	-403316.56	-135325.29	-1722.58	-30394.62	6864.66	-2926.82	0	Y	27372370.17	520657475.64	156286621.85	325321590.54	271568367.44	39602344.7	323182730.13	85.34	227601741.09	363038416.07	158344744.55	197423476.69	336582755.74	153.54	252128575.89
0000862084-25-000081	VANGUARD INSTITUTIONAL INDEX FUND	S000002853	22FEKWGAFY38KJJVTQ65	332779779381.7	3763530.7	332776015851	0	0	0	0	0	0	0	0	0	0	0	0	0	19695098.46											N	2621248058.35	4315103911.12	7098229659.44	-942245261.43	1897459983.46	9483557663.91	2718810274.63	60.45	6506446090.26	3466496989.05005	17.32	12951914105.42	4540678260.66992	881940918.44	5942634313.61
0000035402-25-001441	Fidelity Series Total Market Index Fund	S000065248	54930054H0HM45D77929	87965987537.79	673138582.86	87292848954.93	0	0	0	0	0	0	0	0	0	0	0	0	0	4526522.89											Y	-102395965.34	4140774118.01	36733611.02	1820553045.74	-629269.61	1841840526.78	1105461485.42	0	2008894278.82	860621527.03	0	1483544778.46	946990279.39	0	2292752719.93
0000923202-25-000082	VANGUARD DEVELOPED MARKETS INDEX FUND	S000004386	3TVJ6OS71EDS4RAB2217	251791465246.3	1031531635.7	250759933610.6	0	0	0	0	0	0	0	0	0	0	0	0	0	360089312.14											N	-21071635.35	-4131938707.99	-20014535.66	10159761752.5	-160055585.3	6270385725.33	3162351728.16998	27.1	1333534112.79	2970831598.50997	0	1717726090.28	3631033890.05005	296181939.87	1030923496.71
0000777535-25-000042	College Retirement Equities Fund - Stock Account	S000005080	549300ZV6OI6W6ZIGX48	136676242946	1157545717	135518697229	0	0	0	0	0	0	0	0	0	0	0	0	0	124210825											Y	1403104497.25	-307563708.8	1020472727.19	2491319789.63	1732920497.67	2484499041.89	391982032	0	1579723052	5404147732	0	6645672134	483007708	0	1701117292
0001193125-25-299124	Dodge & Cox Income Fund	S000011205	5493009DXXXVQJ40VE42	101795361555.13	438744444.05	101356617111.08	0	0	0	0	0	0	0	0	0	0	0	0	0	0	70369.27	2640184.49	19343974.97	22539444.23	10406497.99	1732.1	106781.58	717214.64	1015325.69	807778.65	N	-10949987.62	-397094463.76	19887944.9	797569697.82	6678407.45	916230686.81	1967588989.71	0	1277746994.3	1920294874.13	0	1010725637.42	2373557906.36	960338332.88	1492217491.8
0001410368-25-040419	U.S. CORE EQUITY 1 PORTFOLIO	S000000979	549300HFCYX77UDJN369	39744201030.92	1772061928.25	37972139102.67	0	0	0	0	0	0	0	0	0	0	0	0	0	9226520.61											Y	211149786.8	718274479.86	88200252.59	827639353.13	111217125.54	339416848.92	434806839.49	0	653992366.34	297612782.89	104914274.52	572262795.33	395189333.62	0	564035061.57
0001193125-25-299121	Dodge & Cox International Stock Fund	S000011203	549300U7Z55TX3C0A512	60366829420.4	223315917.52	60143513502.88	0	100	0	0	0	0	0	0	0	0	0	0	0	80572648.67											N	492703303.74	-604514120.03	485384608.42	1751799710.47	163084551.26	1752709782.2	635228504.75	0	1104526388.13	452128945.34	0	577459415.04	556134236.22	0	803251976.16
0000889519-25-000042	VANGUARD BALANCED INDEX FUND	S000002560	YZYTHJ1EPVBIW2570X33	62016828236.52	1007906685.6	61008921550.92	0	0	0	0	0	0	0	0	0	0	268207863.06	0	0	0	-19026.32099044	-613713.31026465	-1827479.77869908	-2750611.45614552	-1337290.30590106	-128.37863335	-5633.90853007	-20685.15419516	-27194.46495315	-15713.14414316	N	423533201.29	244041466.79	121708186.62	847036123.76	253110636.03	1141860652.23	418070608.979996	284292668.77	690687278.37	355759554.069992	0	558064506.69	424109641.160004	290941487	565950364.4
0000035402-25-001416	Fidelity Series Bond Index Fund	S000065215	549300XHF1E6JS1FSU59	31102779489.75	1065763232.45	30037016257.3	0	0	0	0	0	0	0	0	0	0	499849665.59	0	0	17019511.35	407443.89473341	2734728.45538027	5615945.02437272	6144118.83354352	2783945.84901391	121.1258	180.0472	77.6096	0	0	N	-10031205.6	352940814.22	-4888043.42	-166781250.31	-581052.81	261763524.85	1510779724.94	89956275.43	128099516.11	777729473.91	92304623.49	195771077.71	680066246.38	97497510.96	360641213.17
0002071691-25-007738	JPMorgan Nasdaq Equity Premium Income ETF	S000076132	549300QY7QH8W9EILZ23	31236396145.72	333455421.86	30902940723.86	0	0	0	0	0	0	0	0	0	0	0	0	0	859223.61											N	-312289150.88999999	713110518.39	116262506.23	195376366.81	-931419.22	977697362.08	699789556	0	230073575.75999999	738686798.73000002	0	390967426.19	679785390.30999994	0	295317339.24000001
0000035402-25-003013	Fidelity Series Global ex U.S. Index Fund	S000026422	549300VH7N3EKJ6DCR13	63235160237.69	1452624086.25	61782536151.44	0	0	0	0	0	0	0	0	0	0	521486.59	0	0	106809856.38											N	-98563554.19	2205048689.75	11077128.1	2031241145.9	-94974.64	1071723519.68	1147538845.29	0	405814119.66	466077518.17	0	861249587.17	467734092.32	0	602510246.39
0000035402-25-002972	Fidelity Mid Cap Index Fund	S000033637	54930043ME2GUEUOUR49	45565280117.56	538400887.14	45026879230.42	0	0	0	0	0	0	0	0	0	0	0	0	0	4474385.53											Y	-201247582.84	1219883070.3	-140409338.56	462241979.32	-87307446.86	-319177470.31	1015284008.85	-3.54	660868498.32	1044436191.22	-.85	909225865.71	1125509027.93	.07	1090718055.25
0000752177-25-000265	VANGUARD TARGET RETIREMENT 2055 FUND	S000029700	MSUXFUFSS7RPN0GD6081	64037811303.86	0	64037811303.86	0	0	0	0	0	0	0	0	0	0	0	0	0	23715022.23											N	57696442.6	435331777.57	97140404.46	1600042360	40174607.78	1778720360.57	830990328.220001	0	571098992.77	779110753.290009	0	640113047.49	934378198.699997	0	794446276.93
0001099263-25-003601	T. Rowe Price Growth Stock Fund, Inc.	S000002087	549300OJ8IWU7COPZY12	52003036543.849998	26689655.29	51976346888.559998	2456076287.24	0	0	0	0	0	0	0	0	0	0	0	0	609.62	0	0	0	0	0	0	0	0	0	0	N	1063707998.83	618256223.77	889177993.44	-548564681.36	1275857684.99	996346452.13	176664574.08	0	1588728937.44	182805879.02	0	914191281.880001	232491637.72	0	1065591830.5
0002071691-25-003685	MFS Growth Fund	S000002419	K4ZYIH3WSXKUSPKIPM59	46363293195.81	15228703.61	46348064492.2	0	0	0	0	0	0	0	0	0	0	0	0	0	0											N	304432698.18000001	2723984943.2	2310258024.96	-605197258.25	484134883.49000001	-842114639.07	352085224.75	7082.64	752030902.19000006	353981955.39999998	0	2098766096.0999999	458328890.77999997	862596180.47000003	1199056095.02
0001193125-25-334200	New World Fund Inc	S000009633	M3AFSEI8ZW2JEI726E06	77323620866.51	1447708190.84	75875912675.67	0	0	0	0	0	0	0	0	0	0	0	0	0	197371144.01											Y	269451232.44	1711119613.71	639069740.71	2288851686.03	859474924.11	1349469666.34	808383384.19	43.45	882730875.35	823008153.51	-53.02	1063678320.62	829911419.36	-54.72	1330557224.05
0001410368-25-043505	iShares Core MSCI EAFE ETF	S000038930	5493009FT582MI7Y3I36	158463952511.27	1516822727.08	156947129784.19	0	0	0	0	0	0	0	0	0	0	0	0	0	284627005.95											N	-270394231.91	6765470112.31	61342197.79	2972625315.79	-39229742.25	955125751.45	1749164017.55	0	0	2454574622	0	0	367151008.31	0	0
0000105563-25-000099	VANGUARD WELLINGTON FUND	S000004406	E3QB1G8NW83S4GO70B86	117173596689.06	72612007.92	117100984681.14	0	0	0	0	0	0	0	0	0	0	2808089.2	0	0	186279019.7	-43871.3439325	-1479858.33731483	-5138686.34055149	-7795450.86017228	-4862678.92687065	-292.13468906	-5611.91699027	-27185.13621274	-125735.89188712	-62263.26131087	N	702587268.47	3458152416.9	1639208613.53	-23599684.5	708913169.69	873997805.96	358500781.970001	605411758.84	921156084.66	429281629.650024	945.6	1037468243.13	403031746.569992	0	1026708928.39
0001410368-25-017278	Schwab U.S. Broad Market ETF	S000026631	549300Z43HSC4Q4CI525	36157602551.47	42107006.04	36115495545.43	0	0	0	0	0	0	0	0	0	0	0	0	0	3759875.13											N	-44449886.24	1675135339.24	24857363.84	740389946.34	-9111164.8	762001011.13	41825388.4	0	0	168405787.35	0	7340450.7	100355531.5	0	20066971.2
0000035402-25-001373	Fidelity Growth Company Fund	S000007119	PV7U44XVV0M0LFERDR26	72925696470.45	277461761.68	72648234708.77	0	0	0	0	0	0	0	0	0	0	0	0	0	2268490.44											Y	791441477.26	3909850630.79005	1112986057.79	2376993866.60995	327523253.72	701273487.819992	782976225.48	0	1151466193.62	834905952.31	0	1377734774.86	289327899.72	0	538584254.91
0001410368-25-039936	Harbor Capital Appreciation Fund	S000000681	5493004K926OXGBXZ171	29798960916.54	74428468.96	29724532447.58	0	0	0	0	0	0	0	0	0	0	0	0	0	327980137.9											Y	-30901462.93	-30780112.47	243390210.08	656448885.14	327495377.04	840659511	195008253.83	0	501000935.12	137896591.63	0	425439271.58	251748582.09	0	703020292.96
0001099263-25-001808	T. Rowe Price Retirement 2030 Fund	S000002112	549300VZ35OSLXZUW577	30082867399.749996	15230554.68	30067636845.069996	0	0	0	0	0	0	0	0	0	0	0	0	0	0	0	0	0	0	0	0	0	0	0	0	N	98968365.37	723948389.11	124738347.91	-9295254.56	50474739.64	597193200.39	335599215.52	255.39	713281016.500001	302206557.74	0	607047551.74	330366644.42	.14	559565942.61
0000752177-25-000263	VANGUARD TARGET RETIREMENT 2020 FUND	S000012759	DDL3J1EVBY09ZZ3IWM59	35670274906.29	0	35670274906.29	0	0	0	0	0	0	0	0	0	0	0	0	0	16473962.59											N	311285281.47	-254712657.07	200725449.5	344535058.39	254214159.82	195464393.27	196669575.929993	0	647737009.32	181828693.809998	0	645256870.9	192138315.810013	0	575497439.72
0000752177-25-000258	VANGUARD TARGET RETIREMENT 2050 FUND	S000012762	DOYXJE71NP7J4HHYUX53	92375426358.91	0	92375426358.91	0	0	0	0	0	0	0	0	0	0	0	0	0	28711323.41											N	91723532.72	624721366.84	113588100.88	2336083977.62	103261126.65	2519642758.62	968455236.319992	0	829273183.11	893893779.290009	0	921516845.92	1127357083.98	0	956082464.02
0000857489-25-000151	VANGUARD FTSE ALL-WORLD EX-US INDEX FUND	S000015871	DHT9U5XH2TTB8CZQX861	75795129276.37	258310602.84	75536818673.53	0	0	0	0	0	0	0	0	0	0	0	0	0	123850170.4											N	61835.4	2654089053.47	-169155808.87	2600221245.17	-3789547.47	1182235761.52	675608952.5	.02	273487076.36	669028006.529999	96551049.54	233343982.76	487031922.759994	.17	353975790.01
0001410368-25-017881	iShares Core MSCI Emerging Markets ETF	S000038923	5493007C24Z3ZDJ0VD06	110951714458.84	9575333416.24	101376381042.6	0	0	0	0	0	0	0	0	0	0	0	0	0	168270023.68											N	-120757417.12	5649532596.53	-10405351.28	756145963.3	-121518222.06	2197197806.28	3132056670.3	0	0	2360435767.86	0	0	186063290.6	0	0
0001003715-25-001332	Bridge Builder Large Cap Growth Fund	S000048334	5493001J4IHNCOS2L914	29743001845.2	30833537.93	29712168307.27	0	0	0	0	0	0	0	0	0	0	0	0	0	3722628.22											N	42460594.46	442979225.7	52660876.46	165557150.82	119131805.81	620086748.84	336010153.85	0	322192470.47	320946246.13	0	326069741.15	325950314.81	0	322439787.93
0001410368-25-032201	Large Cap Index Master Portfolio	S000033023	549300LODN9KFGRGI407	42393118178.15	4639396409.36	37753721768.79	0	0	0	0	0	0	0	0	0	0	0	0	0	18819291.88											N	328132318.2	416337373.91	137021261.5	558439494.01	13903901.59	1174451811.52	202086891.42	0	1109667195.63	80064511.57	0	623802290.06	709440766.28	0	71564229.48
0002071691-25-007840	Artisan International Value Fund	S000006495	54930051EWXUFGELGF67	41273321254.02	91042208.87	41182279045.15	1002462810.16	0	0	0	0	0	0	0	0	0	0	0	0	294030022.35000002											N	82701678.5	-61309677.78	467717330.19999999	811255705.04	855504816.55999994	-162412897.51	540643578.24000001	211.29	615897373.01999998	657296197.51999998	0	736197746.05999994	507303434	130337359.44	757212895.51999998
