ACCESSION_NUMBER	INTEREST_RATE_RISK_ID	CURRENCY_CODE	INTRST_RATE_CHANGE_3MON_DV01	INTRST_RATE_CHANGE_1YR_DV01	INTRST_RATE_CHANGE_5YR_DV01	INTRST_RATE_CHANGE_10YR_DV01	INTRST_RATE_CHANGE_30YR_DV01	INTRST_RATE_CHANGE_3MON_DV100	INTRST_RATE_CHANGE_1YR_DV100	INTRST_RATE_CHANGE_5YR_DV100	INTRST_RATE_CHANGE_10YR_DV100	INTRST_RATE_CHANGE_30YR_DV100
0001193125-25-293300	322365	USD	1780804.799667	-9451323.6648948	-18525067.0886348	-19009398.4341625	-12349974.0682599	177380183.774689	-945271899.2902271	-1848945929.37954	-1921961934.93276	-1146507502.7779901
0000105544-25-000027	323118	USD	-50281.56427288	-1852490.52648892	-4981974.88861495	-7386469.79105423	-4866131.79592969	-4873750.19149621	-184298401.5208265	-490442652.4634787	-709830706.1466445	-448449825.8304987
0000794105-25-000143	323372	USD	-144552.27405397	-22210218.95617522	-55847586.15109149	-73449569.1305129	-43012953.24111767	-23488230.88816445	-2218171079.821828	-5513120172.213001	-7244110815.870535	-4008005831.296369
0001193125-25-293305	322328	USD	1131965.9107468	-8132616.0531847	-15113557.1225089	-15157471.6732189	-9795561.2523488	112710671.855224	-812298893.473889	-1508875447.37042	-1544277629.85496	-914469296.3543071
0001003715-25-001337	322999	MXN	0	981.272121	3252.056355	27101.982032	3590.623553	0	76904.002609	294278.534955	2656137.747063	352917.422789
0001099263-25-003640	323655	USD	0	0	0	0	0	0	0	0	0	0
0000894189-25-015336	323887	USD	186075.318748	2256745.188361	6498810.260693	12362597.776276	11945228.010176	18607531.878877	225674518.856771	649881026.098642	1236259777.668068	1194522801.045773
0002071691-25-004164	320860	USD	-85431.39398	2578560.03869	9280882.59683	13274653.34573	6947606.67472	7705987.58705	-30104911.41756	-642960892.4575	-1194622647.70799	-1132249895.37009
0002071691-25-007650	324680	GBP	-2099.43	2283.68	14200.57	249.82	-33.64	-194585.1	392943.18	2603698.95	47563.47	-3364.35
0002071691-25-007650	324679	EUR	-17650.72	16542.14	128424.6	5238.09	-1.2	-1601773.01	2951661.13	23779374.7	847243.86	517.97
0000836906-25-000263	323161	AUD	128.71951595	.02114699	0	0	0	12817.74346759	2.10359118	0	0	0
0000836906-25-000263	323164	USD	214989.65790338	-2893300.84600685	-4765682.6536918	-2856585.75932209	-633789.43895586	14157434.99888049	-294267399.121236	-473246214.2913377	-290135722.023024	-60658243.21116401
0000889519-25-000042	323220	USD	-7278.892055	-1533036.49813493	-3863180.76408003	-5052516.72246701	-2961497.27093659	-1402805.12553339	-153172597.7257561	-381394194.1079734	-498214635.4489847	-275803277.906764
0001099263-25-003622	323588	USD	0	0	0	0	0	0	0	0	0	0
0002071691-25-003725	320204	USD	45888.29	528995.18	5024794.86	11966314.02	55863988.92	4040034.45	52974234.87	503105124.73	1190493625.89	5655419019.09
0001193125-25-299124	324496	USD	540012.49	3701772.07	15132496.82	23738755.39	19097951.65	52004354.7	362033775.89	1510726704.71	2385089435.74	2041253328.9
0002071691-25-007667	324877	EGP	760.5	4028.73	2629.29	0	0	0	0	0	0	0
0002071691-25-007667	324893	NZD	1001.33	0	0	0	0	100044.74	0	0	0	0
0001532203-25-000066	328840	CHF	1286.07103602	-60223.08061081	-271823.54107085	-635464.02922792	-268675.660007	127970.00690705	-5972807.53936999	-26606101.97008224	-60544549.22425763	-24598970.13147941
0001532203-25-000066	328846	GBP	695.92137285	-495427.59179394	-1462768.77384296	-2756787.38695577	-1917082.10123249	155818.71350141	-49167965.61470301	-143719124.8893484	-263885698.3965366	-173291679.1934964
0001532203-25-000066	328855	NOK	193.76272752	-7006.57178451	-55789.66655306	-51485.89618889	-5375.81729627	19277.0464255	-695156.72352209	-5453789.68757858	-4945806.4102758	-523648.47271062
0001099263-25-004419	325100	THB	0	14578.085552	60649.678665	13473.853173	0	0	1424685.626781	5898130.235813	1288619.547677	0
0001099263-25-004472	325681	CAD	0	3561.625302	349.195103	0	0	0	352786.230178	34553.804163	0	0
0001099263-25-004485	325966	BRL	104675.818078	672986.114594	125727.74516	0	0	10401558.565831	66517349.787287	12344736.220774	0	0
0001099263-25-004485	325959	ZAR	0	244217.318333	833323.655912	209041.792167	0	0	23977101.028678	80658016.171214	19950132.981326	0
0001099263-25-004485	325960	NGN	14197.231932	22875.120196	0	0	0	1411137.625265	2273653.419924	0	0	0
0001193125-25-334214	329622	USD	-15258.65	-3089149.23	-6565447.51	-4682240.97	-2388886.34	-2356430.84	-318565708.18	-680231530.67	-471929172.27	-221884094.44
0001532203-25-000068	328926	JPY	47687.9642166	-576998.92185423	-1956217.05705381	-6706596.87964661	-5198000.50060046	4755503.92439113	-57255544.85696348	-192094191.2346928	-640027749.6593006	-474177488.9675829
0001532203-25-000068	328927	KRW	22234.11072416	-188174.41138326	-475755.9269731	-1091633.7302015	-1615691.76186781	2216942.80990476	-18666519.79967191	-46688556.18113127	-104581548.2164314	-145419858.7733466
0001532203-25-000068	328917	CNY	9241.15800458	-93774.91947805	-331928.4011508	-283266.99690433	-220126.70128754	919190.52074004	-9287981.07540743	-32487447.2775955	-27311393.21686802	-19572519.6647348
0001532203-25-000068	328918	CZK	190.379783	-23713.22423483	-113962.98009154	-113963.08809286	-18331.78330589	18941.27158196	-2352440.60531407	-11169259.09646256	-10955927.52883602	-1673725.71787196
0001410368-25-043387	329652	USD	70238.3	752181.4	2907518.94	259743.82	41120.4	11013612.84	132793921.8	560118105.89	47917547.23	7973344.49
0001099263-25-004413	325165	PEN	0	1137.140644	190201.308105	45193.56257	29.692626	0	110511.565619	18340753.285814	4337460.163115	2770.342279
0001099263-25-004476	325469	AUD	0	79285.480676	197658.07803	90678.150186	0	0	7724186.954396	19142347.475231	8614775.4208	0
0001099263-25-004484	325745	BRL	7115.951285	37415.390913	8571.691047	0	0	707153.007396	3696459.693761	841444.882379	0	0
0001193125-25-334136	329604	CAD	-54892.99	-76881.18	-21112.25	12441.84	-5479.22	-5489905.76	-7674251.3	-2069655.32	1222102.34	-511194.25
0001099263-25-004447	325254	USD	105758.803593	31421.999722	63.752254	0	0	10591776.613949	3127769.797252	6337.360835	0	0
0000225997-25-000214	328888	USD	-87036.41037599	-3707194.39886151	-13270469.69786592	-29291080.62225377	-7570950.60010987	-9454348.22088144	-376941697.6152858	-1384394704.347967	-3001988616.874949	-773676561.257866
0002071691-25-009449	328371	USD	32983.92	1411279.22	7197936.84	5026212.13	4897737.6	3142439.79	144627064.1	738068463.48	506204202.67	489745143.07
0001193125-25-293287	322374	BRL	104.7261416	5604.6611347	430.6193099	-137946.3711243	-342581.8442383	10415.1524029	557059.2601013	43642.6516724	-13293089.7480469	-31216320.71875
0002071691-25-006501	322619	USD	-36495.2	-854536.14	-5133015.21	-4777774.57	-5593454.7	-3649520.08	-85453613.96	-513301521.42	-477777457.42	-559345470.26
0002071691-25-007650	324682	USD	94075.44	704090.42	3183215.44	372345.92	18566.01	14902437.7	126392723.92	573629867	58997395.67	2253982.03
0002071691-25-007650	324678	CHF	-97.62	303.66	0	0	0	-9519.91	63846.44	0	0	0
0000794105-25-000139	323176	USD	9334.46748951	-1480855.71642204	-5094237.49522269	-5850225.69413604	-3324736.98983438	929916.91605578	-147280268.7783198	-499584292.3498574	-561029656.2212368	-305070417.7999174
0000794105-25-000138	323178	USD	-151698.61677421	-24671118.02933939	-61657667.86757106	-81045037.81373951	-47756264.92288869	-25728225.9162018	-2464536368.944462	-6087243553.660386	-7993733610.494791	-4449146489.791577
0000035402-25-002218	323334	USD	60827.0722393	1142908.90401725	7835050.9554862	8791266.91043231	7692427.24085819	6082703.26680325	114290873.806623	783505075.917705	879126701.822042	769242734.166862
0000940400-25-010634	323560	AUD	-4278.17	2227.64	31337.27	142212.9	0	-4607.19	84496.46	52657.68	0	0
0000035402-25-001446	320453	EUR	509.10592665	15683.05569589	132615.8694801	84358.70711678	8270.47222414	50910.76084001	1568305.54230696	13261586.9485719	8435870.70516137	827047.19488903
0001193125-25-295368	322882	EUR	0	0	0	0	0	0	0	0	0	0
0001193125-25-296899	323717	USD	74996	890238	5774053	4924181	552845	7103410	93836644	605709957	495110962	51754087
0001410368-25-032026	324401	USD	-673314.91	0	0	0	0	-67272868.63	0	0	0	0
0002071691-25-007667	324880	HKD	-18203.29	2839.7	18107.3	7757.96	0	-1415817.28	345670.92	2374959.42	772615.99	0
0002071691-25-007667	324899	SGD	-1203.23	-4993.98	13505.3	12837.56	7918.11	0	0	0	0	0
0002071691-25-007667	324905	UZS	.76	32.3	0	0	0	76.27	3230.33	0	0	0
0002071691-25-007667	324874	CZK	-5993.66	1627.83	157735.92	10191.24	0	-600964.99	163054.72	15783930.51	1014873.85	0
0002071691-25-007667	324882	IDR	-4657.11	10726.16	69323.75	99064.89	5417.4	-463462.4	1071755.46	6959771.21	9904018.45	543592.75
0002071691-25-007667	324891	NGN	1192.14	0	0	0	0	119431.79	0	0	0	0
0002071691-25-007667	324875	DKK	-102.2	0	0	0	0	-10211.48	0	0	0	0
0002071691-25-007667	324881	HUF	-5526.48	27800.85	10255.24	11681.02	0	-553818.36	2780152.44	1026176.58	1169652.04	0
0002071691-25-007667	324896	PLN	6976.59	-43255.39	79002.63	58704.41	0	0	0	0	0	0
0002071691-25-007667	324902	TWD	-2203.58	360.99	42154.39	0	0	-232697.94	36099.16	4215438.89	0	0
0002071691-25-007667	324866	AUD	-19561.84	-39112.12	286748.69	494514.97	4228.45	-1088667.92	-3742478.11	22953562.28	21613571.3	422844.78
0002071691-25-007667	324867	BRL	418.79	3354.95	293025.93	0	0	111174.14	2548129.65	21163001.28	0	0
0002071691-25-007667	324897	RON	196.21	0	0	0	0	19360.91	0	0	0	0
0001532203-25-000066	328862	THB	6219.68178132	-52146.447536	-137146.56867415	-427942.12813861	-370724.24938398	620170.75222065	-5173214.50451698	-13467000.73535661	-40794475.94891614	-33009914.59188483
0001532203-25-000066	328844	DKK	486.55383818	-29219.52958747	-108864.69941976	-116037.78916543	-28237.24552636	48419.94959319	-2896947.27309959	-10666456.67506283	-11137360.86461001	-2660502.50275842
0001532203-25-000066	328863	USD	-741377.28666263	0	0	0	0	-73934797.25009874	0	0	0	0
0001532203-25-000066	328848	HUF	67.76911472	-14845.52629022	-28578.72224088	-24214.29917435	-3307.62584361	6748.66149934	-1470221.93339449	-2802782.5714355	-2319675.40806939	-325696.05921317
0001099263-25-004419	325113	HUF	73.130645	0	0	0	0	7305.604835	0	0	0	0
0001099263-25-004419	325107	CZK	-142.561287	1874.110059	1556.407466	0	0	-14252.166963	183112.835898	152021.970004	0	0
0001099263-25-004485	325961	NZD	0	84428.680464	106370.599477	0	0	0	8263726.991419	10411362.455969	0	0
0001099263-25-004485	325967	EGP	0	70760.982559	16329.457514	0	0	0	6991636.121186	1613454.489504	0	0
0001099263-25-004485	325971	JPY	-4051.805894	-1585977.518449	-3283722.421729	-1503300.409111	-41374.760006	-401207.812584	-155176623.696831	-319353266.392949	-142664721.951478	-4021141.986726
0000106444-25-000235	328832	EUR	1314.34482729	-12532.58076006	-46897.61379438	51922.62443412	-8454.60783393	130317.59657467	-1261274.55710648	-4648401.74717565	4893681.13241544	-852094.25236569
0001532203-25-000068	328925	ILS	936.52614328	-29767.1985109	-73669.80929442	-152795.0511197	-78848.52619243	93190.15797853	-2950220.70229679	-7237399.61655775	-14599737.42877248	-7297704.99240451
0001099263-25-004413	325167	ZAR	0	4081.209457	174046.430192	84640.765823	0	0	397421.026627	16703826.575608	8067596.185322	0
0001099263-25-004413	325162	USD	155644.470903	3156522.778451	12422828.960387	8575759.627753	2862948.613335	76621389.153361	353357906.847039	1344766584.724862	812975593.155874	258122992.513444
0001099263-25-004413	325160	NZD	0	56689.602691	8150.026927	0	0	0	5601110.263519	805026.758486	0	0
0001099263-25-004484	325742	USD	-3915.180166	1039114.733166	2234130.537459	-180016.602011	-314146.684233	643077.114255	141777618.115328	261469703.474747	-15440793.242216	-27950564.862565
0001099263-25-004447	325255	GBP	183.754113	0	0	0	0	18367.385312	0	0	0	0
0001099263-25-004447	325253	CAD	1043.106061	0	0	0	0	104255.009423	0	0	0	0
0000913181-25-000365	327050	EUR	6314.0388576	10244.1507408	19380.7869229	1921.9844087	-.0180664	631403.8857649	1024415.074077	1938078.6922949	192198.4408732	-1.8066448
0000913181-25-000365	327052	USD	119570.8314588	2343105.1666961	5074179.7747001	6447004.4925424	4211269.8195316	11957083.1458798	234310516.669605	507417977.470006	644700449.254243	421126981.953158
0000035402-25-001447	320459	USD	100461.29044721	3563837.40886864	9552098.42806741	13503326.1414132	11833146.9845216	10046130.3545029	356383743.476161	955209838.176267	1350332622.28349	1183314692.63189
0001193125-25-293287	322369	MXN	721.8116186	-13293.9344177	-40169.5373573	-12777.8769608	-7058.7711782	72096.5447693	-1321116.9570313	-3949102.9472656	-1235222.3781128	-668409.5098877
0001099263-25-003630	323590	USD	0	0	0	0	0	0	0	0	0	0
0000894189-25-015338	323888	USD	310733.628133	1874794.588623	4766585.757685	8536010.978874	7714545.918522	31073362.818183	187479458.883147	476658575.796936	853601097.91826	771454591.872544
0000940400-25-010634	323562	USD	35865.67	688606.06	3920255.75	2732750.21	2874827.98	-225663.1	49725420.92	311095033.1	233772060	223940242.3
0001099263-25-001808	320326	USD	0	0	0	0	0	0	0	0	0	0
0002071691-25-007667	324901	TRY	363.43	989.88	4225.96	435.05	0	27632.35	98519.59	423773.48	43022.68	0
0002071691-25-007667	324894	PEN	-544.37	753.63	7433.03	22625.47	0	-54753.74	74639.62	749429.88	2260703.93	0
0002071691-25-007667	324876	DOP	63.49	706.79	5427.9	12794.44	0	6348.81	70678.9	542790.17	1279443.92	0
0002071691-25-007667	324870	CLP	44.57	0	0	0	0	0	0	0	0	0
0002071691-25-007667	324879	GBP	-75173.71	231559.84	690630.45	-117094.9	166339.78	-3762311.85	22717966.98	74367611.01	-5717618.23	17163225.1
0000910472-25-005072	326902	EUR	1743449.386003	0	0	0	0	176741343.483209	0	0	0	0
0000910472-25-005072	326903	GBP	234967.214307	-124607.567776	-9932.402652	0	0	24217840.655177	-12461438.422188	-992716.252904	0	0
0001532203-25-000066	328849	IDR	5505.09392463	-57091.70315151	-202044.05249756	-333009.99751041	-86508.79653693	549800.05132189	-5664134.04962238	-19820758.90873922	-31902495.48196384	-8169639.32714411
0001532203-25-000066	328850	ILS	792.79954951	-22400.56550126	-64917.17841594	-132411.22514162	-64479.57689681	78887.91240115	-2220145.23487858	-6370067.58881345	-12658383.06527255	-5968544.006047
0001532203-25-000066	328853	MXN	-547.98120229	-65252.45245841	-151912.98163152	-184700.94735953	-58826.45977181	-54561.38311576	-6472484.01136463	-14922386.40750824	-17708076.31087141	-5526876.59169399
0001099263-25-004419	325110	CAD	34537.248935	67527.895993	259307.866638	204497.667141	50480.794177	3439220.237047	6639967.314069	25048810.237917	19063633.701003	4464644.569938
0001099263-25-004419	325114	SGD	0	-18165.71923	-329011.147325	3634.918595	79869.338031	0	-1767694.773397	-31975883.849286	-262717.494189	6972702.035296
0001099263-25-004419	325108	RON	-2107.391523	-111.408032	0	0	0	-210411.825984	-11117.701046	0	0	0
0001099263-25-004419	325115	BRL	10274.132717	3244.463133	0	0	0	1020720.25856	322332.730082	0	0	0
0001099263-25-004472	325678	GBP	77.248645	-1392.964396	-108.561997	0	0	7026.259537	-139643.445219	-10879.495338	0	0
0001099263-25-004485	325963	GBP	-51230.584477	661939.098081	5307229.458049	11657407.774494	-346866.713347	-4223267.260796	64455260.88947	511193405.663493	1098429004.734016	-30154043.617647
0001532203-25-000068	328930	NOK	115.74079012	-8083.24741942	-57289.27260629	-64300.3018957	-6697.63509018	11515.41348948	-802048.63016763	-5605941.83757635	-6169575.66802535	-652749.45415215
0001532203-25-000068	328914	CAD	422.33310442	-451456.37211251	-1469365.94077262	-2114092.45194722	-1705395.41026279	39552.51148489	-44839646.48450107	-144279314.7029833	-203047483.518785	-154765323.2306998
0001532203-25-000068	328933	PLN	1605.85571602	-64012.93530123	-203770.03464364	-91050.62585291	-3881.34832245	159757.86800917	-6347280.36494281	-19985021.76747449	-8871855.13101187	-367295.72463924
0000225997-25-000205	328836	USD	-125643.26039092	-1744835.82063358	-4760396.15290785	-5057595.07928499	-2827102.10283028	-12931783.46838448	-178264673.5506251	-487830262.6026683	-521300831.0989646	-286652415.3833875
0001099263-25-004484	325754	GBP	-3013.559819	27737.557085	241946.91693	504797.206339	-8316.805179	-291035.52194	2697676.315314	23303852.359724	47626881.121961	-732574.959942
0001099263-25-004484	325751	ZAR	0	14523.239641	53846.385016	14143.451358	0	0	1425603.237473	5209322.972947	1349706.939437	0
0001099263-25-004484	325749	JPY	0	-73302.306271	-151254.733515	-65763.559457	-3549.277937	0	-7168159.077733	-14719921.967649	-6226737.173361	-339283.867595
0001099263-25-004484	325743	NZD	0	5475.83332	6898.931378	0	0	0	535964.690626	675254.962259	0	0
0001193125-25-334136	329602	BRL	-2088.41	-4160.12	-15391.66	-30540.38	-41446.61	-208665.66	-413215.42	-1513759.39	-2943708.85	-3763153.41
0000106444-25-000232	328820	GBP	412.2299698	-14334.71937646	-7940.98152467	22169.06551149	2515.65712545	41114.42781137	-1427709.78634381	-791696.86056712	2098537.94143547	249768.29257133
0002071691-25-009449	328370	EUR	0	0	0	0	0	0	0	0	0	0
0001021882-25-000207	320267	USD	-56416.39269226	-1231887.55330877	-18177934.1595818	-16202465.31986489	-8464.9205046	-5631942.43501186	-122475948.8276747	-1785728227.571373	-1587123393.390226	-884940.17531485
0002071691-25-004187	320870	USD	414914.79026	1496639.50073	377045.5079	0	0	-5420272.72498	-45686096.27952	-177607492.64961	-959639.62124	51.07881
0001193125-25-293287	322371	EUR	244500.3874862	-337029.2172241	-3440.002595	510708.9488182	445905.0998535	24445449.8139682	-33455646.2495728	-303939.0180054	49270593.5842285	38671546.265625
0001410368-25-019349	320510	USD	37835.89	-5358018.57	-2042977.4	-181881.22	-19113.39	2590603.13	-541382339.72	-211650596.1	-23680491.39	-1522033.28
0001003715-25-001337	323000	PEN	0	364.65556	43467.536233	43726.475856	7.645236	0	35891.019757	4338609.615017	4356682.916377	775.993463
0001410368-25-022019	321292	EUR	-7079.16	-17584.71	-78179.46	50294.83	12871.61	-712163.72	-1840590.82	-7862946.56	4734314.89	907594.23
0000836906-25-000263	323162	EUR	-162.22928903	1898.58523543	-876.26186533	162.82045042	0	-16220.05386331	187628.70048207	-84867.41178261	13764.82573174	0
0000035402-25-001446	320454	USD	105309.35731181	1081395.79778989	6439019.2238213	7443850.61014181	7595866.90372688	10530933.3042072	108139581.053454	643901920.015867	744385071.190387	759586687.730009
0002071691-25-007667	324895	PHP	-3286.07	3054.26	54543.45	25581.22	0	-328512.11	306233.73	5464119.32	2552124.83	0
0002071691-25-007667	324903	USD	509420.69	1594988.93	5048504.55	1677686.16	2936738.12	48697134.58	216755502.35	643005527.21	250378571.97	246230592.21
0002071691-25-007667	324904	UYU	-87.68	121.94	2472.01	428.39	0	-8809.35	12193.65	247201.38	42838.96	0
0002071691-25-007667	324906	ZAR	-477.4	-23610.86	51878.64	50003.79	6279.44	-2574.73	-2361031.85	5187650.79	5010593.86	634471.44
0002071691-25-007667	324889	MXN	2307.34	23376.81	259229.2	35739.62	2735.97	269101.86	2356318.64	25972703.62	3563893.44	271643.38
0002071691-25-007667	324887	KZT	33.25	972.82	1343.46	0	0	3325.21	97282.31	134345.6	0	0
0002071691-25-007667	324864	AED	0	0	0	0	0	0	0	0	0	0
0002071691-25-007667	324890	MYR	-4216.13	2961.94	96018	94654.55	50068.15	-424013.62	296924.82	9636422.74	9470350.12	5048048.15
0002071691-25-007667	324886	KRW	-4536.71	-228305.38	427368.15	23962.68	0	-441072.47	-22835461.04	42620293.41	2002332.91	0
0000910472-25-005072	326901	CAD	222523.86072	0	0	0	0	22497240.830788	0	0	0	0
0001532203-25-000066	328854	MYR	5994.01082177	-55511.50888553	-190488.52543488	-389676.91595057	-193263.40665183	597690.37604673	-5507073.93108794	-18683351.46432263	-37203965.04360011	-18042216.87377921
0002071691-25-009466	328365	USD	24843.6	1663179.54	7445137.82	4167684.34	5698832.84	2403312.5	166453353.79	745390531.6	417133914.58	569726950.06
0001099263-25-004419	325101	EUR	2607.033103	491492.536167	1613729.734637	1556165.326852	336219.146246	1059780.12899	48237558.466336	162662883.934033	151024609.152526	29235078.402996
0001099263-25-004419	325116	CHF	0	30681.636907	3706.413349	0	0	0	3033104.435575	366349.669656	0	0
0001099263-25-004419	325118	INR	0	1388.757285	-3623.291972	0	0	0	138763.119397	-347013.565887	0	0
0001099263-25-004419	325104	ZAR	0	8674.753086	105751.750435	49296.966209	0	0	848275.873697	10164715.786502	4698397.703199	0
0001099263-25-004419	325117	USD	-85650.448537	527485.396725	1076548.837558	-859825.645419	-218058.465812	21091086.330261	74995790.253866	134946028.161139	-81268362.951735	-19429754.93394
0001099263-25-004419	325097	CNY	0	73945.980475	787463.924586	557248.151177	311660.251759	0	7184451.412068	76234637.688698	50922171.821979	27173311.911421
0001099263-25-004419	325103	SEK	0	8313.035587	25617.721251	0	0	0	809254.420345	2493824.782082	0	0
0001099263-25-004419	325109	AUD	192.87883	53159.0343	464932.227267	69323.461949	2601.160504	19085.892725	5158706.570106	44953277.992262	6558291.689693	229438.938546
0001099263-25-004419	325111	PEN	0	54.482705	63684.040891	56104.343624	0	0	5287.682237	6104805.914893	5326976.259817	0
0001099263-25-004472	325679	EUR	210.486963	1196.578217	-4687.137495	-15337.156426	-1753.013655	19858.14439	118438.904299	-439146.404008	-1438165.471248	-152334.807898
0001099263-25-004472	325680	USD	788502.886368	1733076.719236	4021997.246296	-1325516.659377	36756.892523	85320703.8468	212846821.630307	449896871.36496	-115132797.603143	13000859.510681
0001099263-25-004485	325964	AUD	4445.468459	496487.017963	3234048.85582	2408372.442387	0	440112.448977	48563281.163959	310019040.06826	229605749.14561	0
0001193125-25-334203	329611	USD	58627.13	-2260199.64	-3126600.57	-2825514.65	-2248538.85	5737396.88	-226487616.71	-315160164.78	-289775058.18	-208676704.75
0000106444-25-000235	328834	JPY	-764.49452001	33711.55562994	31687.5132872	13010.43386702	0	-76216.31384651	3333755.44138938	3125120.20799025	1280306.97999333	0
0000106444-25-000235	328833	GBP	212.76617331	-1434.33515548	-16701.09702529	10360.49374582	1990.10429363	21168.08553477	-142430.30949542	-1659250.13195123	943434.88611832	197534.01282638
0001532203-25-000068	328924	IDR	6566.82727979	-69970.93888608	-247370.6118953	-380221.14553354	-99289.3991264	655840.6212831	-6941170.78338028	-24263424.10379968	-36444662.15211073	-9385221.54582881
0001099263-25-004413	325159	DKK	0	0	0	.000413	.000034	0	0	0	.039532	.003274
0001099263-25-004413	325168	BRL	16347.043563	95630.127432	6185.711703	0	0	1624055.187158	9465034.91902	608605.533555	0	0
0001099263-25-004484	325744	NGN	1061.489825	1681.8748	0	0	0	105508.850117	167171.184069	0	0	0
0001193125-25-334136	329605	CNY	-191.0687798	-26878.77	-45698.83	-59309.99	-34382.62	-19109.21	-2669369.35	-4506525.85	-5725600.48	-3045588.8
0001193125-25-334136	329601	EUR	2998.97	-74113.78	-438738.04	-213534.96	2592.85	300806.57	-7359852.45	-42938268.17	-20541042.88	-393476.66
0000106444-25-000232	328819	EUR	1690.52427264	-49379.61336569	30298.88187298	102.16348814	1072.92813779	167620.61631716	-4991804.33109685	1956487.81309837	-77353.78322059	85237.93103066
0000940400-25-014474	328940	EUR	78941.38664	69674.24017	12849.24136	-15211.47216	2511.57528	7894138.65851	6967424.01092	1284924.13441	-1521147.2093	251157.5289
0001193125-25-293300	322364	EUR	-8348.5085325	-65384.3656273	-119898.7742867	177327.4488153	3783.8491755	-835650.2009659	-6495326.1865234	-11763576.8931885	17007534.2860718	307679.2871094
0001193125-25-251557	319867	USD	37481.67944	-3393393.538	-6369349.555	-1012516.551	-595681.5281	8247175.903	-339169724.8	-634212258	-127152932	-58516207
0001193125-25-293287	322370	JPY	-27949.6061497	-3109.9635925	510815.3816077	96975.5605469	-556149.0019531	-2797749.8274569	-309016.0917969	50075386.2388916	10557143.6875	-50312864
0001193125-25-293287	322375	GBP	1119.7967438	850.5623291	-2525.2801723	-3729.5600586	-1533.4205322	111948.2477074	84497.0378113	-245425.6311035	-353026.03125	-149870.984375
0001193125-25-293287	322373	CAD	-69463.5304985	-115130.0722656	-57.0021973	0	0	-6985332.5014648	-11512859.125	-5691.34375	0	0
0001003715-25-001337	323004	ZAR	0	532.363233	20802.100292	79550.868585	10631.26487	0	53936.397563	2121694.54653	8314824.140868	1122200.28863
0001003715-25-001337	322996	BRL	4823.520523	2372.223208	10832.217962	568.14515	0	473168.349862	232705.745834	1069715.180398	56106.098799	0
0001003715-25-001337	323002	USD	4967371.253075	1123252.828874	7206678.67691	9733207.735002	4382770.303981	503651423.947245	104079594.936842	644856212.198921	959278362.561581	446339336.253004
0001410368-25-022019	321293	USD	287872.42	-2793195.94	-6683953.52	-7434286.59	-4089272.86	29602933.79	-261853234.82	-625096333.3	-742524823.2	-383241121.04
0002071691-25-003733	320213	USD	33865.61	387592.23	13171683.1	11681779.32	0	2963974.77	38776884.54	1317842063.56	1168946266.93	0
0002071691-25-007650	324676	AUD	0	0	0	0	0	0	0	0	0	0
0000836906-25-000263	323163	GBP	28.40678632	0	0	0	0	2830.89200138	0	0	0	0
0000794105-25-000140	323171	USD	-52705.62877811	-7467630.35032398	-8982440.60039615	-2575.46715676	-385.27317173	-5372028.88191857	-741004867.8419206	-886050394.1103845	-328984.18815883	-32509.48805393
0000836906-25-000266	323237	USD	-252425.55753303	-6141991.27078485	-8250080.72497034	0	0	-25160576.5966711	-609457281.1589491	-812330949.8026897	0	0
0002071691-25-007667	324865	ARS	229.34	0	0	0	0	22979.97	0	0	0	0
0002071691-25-007667	324884	INR	-2083.66	-8917.06	163890.87	12238.54	36436.96	-221398.74	-778579.98	16636026.58	1218908.89	3689448.96
0001532203-25-000066	328845	EUR	169846.51909698	-3804641.47319914	-12339165.64249734	-14981660.28478508	-7005489.52909277	16880295.39993714	-377380758.6668761	-1212075386.64829	-1437393577.622799	-640885951.5005814
0001532203-25-000066	328858	PLN	1358.35586139	-59159.92944883	-173646.39298222	-73143.80867262	-4044.69263208	135136.08864002	-5863429.28838377	-17021192.5778826	-7121075.69741323	-382753.15375587
0001532203-25-000066	328847	HKD	12.75189446	-1461.95272801	-6604.01125565	-5511.57289375	0	1272.92286979	-145102.86806337	-649298.4330602	-535730.77969638	0
0001532203-25-000066	328851	JPY	40296.74642166	-488540.71463103	-1638627.26026191	-5637337.78142112	-4369704.10311895	4018445.45515854	-48473792.22982445	-160910654.5202572	-537995596.0272037	-398595568.5906529
0001532203-25-000066	328860	SEK	3734.61511876	-86230.60098774	-199541.34508198	-54046.42410553	-26803.17562887	372469.218235	-8543878.04198808	-19551154.403245	-5235415.0282247	-2203583.05507448
0001532203-25-000066	328852	KRW	18766.97955438	-162872.17381427	-387380.48033637	-916172.49171381	-1364412.61516644	1871234.42758931	-16155833.62453673	-38030828.05090965	-87757313.17844151	-122542239.7679963
0001099263-25-004419	325105	GBP	389.288481	305773.429141	455718.416425	546781.670859	118345.432229	38351.433792	29933908.391898	44174712.801815	50297254.915927	10477980.270944
0001099263-25-004419	325099	JPY	-1888.653684	114423.650066	73776.724655	1375333.147629	847583.809113	-187448.608448	11279153.58818	7135639.081598	125848050.163577	74236630.972149
0001099263-25-004485	325969	USD	85149.286827	20266223.174136	55078662.355888	13433432.143506	-590854.724471	27054569.29842	2559566847.866037	5989722879.891938	1237054050.085923	-49678154.444257
0001099263-25-004485	325962	TRY	3172.685126	1639.8507	142.595738	0	0	317687.579368	161978.575572	14085.096038	0	0
0000106444-25-000235	328835	USD	4090.68713754	-925101.37486822	-11706598.44519768	-10068513.00734934	-77711.36877894	53050.86727122	-91605127.16068052	-1150574662.09114	-988737101.476524	-7867431.02907284
0001532203-25-000068	328931	NZD	304.60182057	-33431.38596563	-97018.61052526	-123121.31282556	-26148.09577655	30404.13021505	-3316206.1626724	-9524107.89879874	-11818320.69279776	-2418617.45600524
0001532203-25-000068	328915	CHF	1693.16549486	-84350.11186317	-361302.35816784	-695284.09393632	-323923.16040353	168480.27426861	-8366494.36746197	-35347615.755134	-66198039.8570136	-29659304.00908173
0001532203-25-000068	328937	THB	7292.89105313	-59819.37505164	-161447.63852038	-502945.9671319	-456071.2893208	727180.15975171	-5932851.49993595	-15848365.42597365	-47982735.63422086	-40457404.64465728
0001099263-25-004413	325156	JPY	0	0	-296293.674938	386932.149654	540335.225828	0	0	-28512585.87162	33154854.694241	46839752.155457
0001099263-25-004476	325472	PEN	0	313.438743	105390.133172	46408.794111	12.524551	0	30420.010889	10135645.020683	4446460.570954	1168.573156
0001099263-25-004484	325747	CAD	2749.81042	662.287775	181.367515	0	0	274317.525758	66215.057931	18136.751487	0	0
0001193125-25-334136	329607	JPY	-1810.76	-24252.94	106689.4	-310499.8	-299839.22	-181419.17	-2409537.4	10420214.94	-29298879.08	-27908211.55
0000106444-25-000232	328821	JPY	-1333.48939748	47627.29227567	47711.01727889	20556.4855099	0	-132952.45472387	4709897.08673704	4703213.80079673	2022885.02838946	0
0000940400-25-014474	328941	USD	161841.22167	2832404.74423	8953254.40676	12778837.10591	6412439.98941	16184122.12507	283240474.41952	895325440.64735	1277883710.58578	641243998.92643
0000913181-25-000365	327051	GBP	440.0491928	2254.0594675	1811.1456598	.6638233	0	44004.9192818	225405.9467516	181114.5659758	66.3823349	0
0001003715-25-001337	323003	UYU	0	1184.381643	3075.998914	2494.198282	0	0	118249.729569	310091.534065	252123.942563	0
0001099263-25-003601	323591	USD	0	0	0	0	0	0	0	0	0	0
0001410368-25-022019	321291	AUD	-4333.63	1701.24	-7348.39	-17841.04	-13503.65	-433761.14	166965.92	-735505.69	-1688851.04	-1340342.27
0001410368-25-017888	319533	USD	58242.43	5679022.98	28955562.55	21236652.72	19831694.07	4469108	567928443.81	2896753180.13	2122874660.07	1991155891.01
0002071691-25-007650	324677	CAD	0	0	0	0	0	0	0	0	0	0
0000794105-25-000137	323116	USD	-38800.85267196	-835429.11846302	-15650866.4363396	-12053468.63617081	-8472.24097278	-3893717.00605923	-82970275.22073439	-1532253441.938258	-1176218172.217988	-836498.91128514
0000940400-25-010634	323561	EUR	-5899.06	1589.53	57292.32	58612.11	21037.17	-1730666.94	591817.39	10951391.93	9245627.71	3589001.51
0001193125-25-295368	322884	USD	0	-290.323664463203	3535.732927598794	11106.846723548727	169.418060493494	0	-29032.36644632023	353573.29275987934	1110684.672354872682	16941.806049349421
0000105563-25-000099	320269	USD	-40977.14631397	-2428479.67855566	-6438131.02899381	-9108250.75444677	-5975049.53178898	-4721048.45983737	-241246650.1153603	-632753347.0545578	-875301455.7440412	-550788298.2749699
0002071691-25-007667	324885	JPY	-39631.36	-90960.54	-335562.92	54202.16	333591.2	-3697916.14	-9183578.53	-17213691.07	7942343.33	33591527.96
0002071691-25-007667	324888	LKR	0	0	0	0	0	0	0	0	0	0
0002071691-25-007667	324873	COP	-2945.93	15161.78	-1848.69	0	0	-285734.83	1528264.07	-211483.07	0	0
0002071691-25-007667	324872	CNY	6465.9	7873.79	-112140.67	10423.02	0	646620.12	787379.87	-11208087.8	1037019.7	0
0002071691-25-007667	324898	SEK	2098.49	-842.1	-68022.28	0	0	206940.65	-86410.49	-6800408.94	0	0
0000910472-25-005072	326905	USD	253028.78634	-24764.884198	12606.18	0	0	26520052.685541	-2485907.037978	1260676.31	0	0
0001532203-25-000066	328856	NZD	227.31580127	-28582.79706544	-86890.45396914	-102856.04603487	-27694.89586311	22693.82684867	-2835911.3667399	-8527988.75996081	-9876840.31415075	-2547917.20898056
0001532203-25-000066	328857	PEN	639.61271108	-6880.26357677	-42777.21859422	-76225.04062319	-8600.74143736	63577.14599075	-682677.51176708	-4194291.73638748	-7313794.07617779	-828702.71128917
0001532203-25-000066	328839	CAD	409.44330198	-378288.31212896	-1238628.27980246	-1777002.72792904	-1443202.61966776	40836.24990237	-37558504.3999302	-121636303.3456278	-170767240.4639007	-130829328.9141801
0001532203-25-000066	328861	SGD	331.59733734	-35851.90812205	-93929.81497081	-172732.93737067	-171785.35196331	33117.89205209	-3557861.60422072	-9219425.87715077	-16509617.4857156	-15336127.17375529
0001099263-25-004419	325098	KRW	0	38758.552476	89613.595548	178609.071141	0	0	3815513.723009	8624371.156742	16899036.053976	0
0001099263-25-004419	325106	DKK	9015.508068	3377.298983	0	17838.216809	488.384776	897632.872147	336058.321531	0	1703415.281919	46635.861289
0001099263-25-004419	325102	NGN	1205.4464	1829.187325	0	0	0	119826.410917	181817.413446	0	0	0
0001099263-25-004485	325968	PEN	0	6168.267135	996342.987094	417465.461839	115.504196	0	598645.69233	96127432.503159	39648461.11666	10776.841258
0001532203-25-000068	328929	MYR	7244.37758891	-66498.70003668	-230791.47000789	-447585.99851683	-240756.34135631	722370.10827781	-6595665.58131399	-22632489.40568223	-42789471.84997667	-22335655.38002159
0001532203-25-000068	328935	SEK	4541.49507671	-111805.46498639	-223345.42828502	-54239.85131521	-32879.68679512	452947.71048415	-11077891.42994919	-21902055.69308982	-5262408.42212068	-2703154.3456317
0001532203-25-000068	328920	EUR	201600.8347027	-4480680.92716708	-14643995.08358268	-17905560.53600287	-8322481.65738395	20034508.15283919	-444408122.7535828	-1438372397.720224	-1717554274.819774	-762175296.9864984
0001532203-25-000068	328921	GBP	1279.84419393	-600726.39795307	-1737671.82873533	-3312353.76820849	-2289519.83055489	217463.73625763	-59619971.0977889	-170768991.3119014	-317071816.4813082	-206829327.0493241
0001099263-25-004413	325164	CAD	3.296141	97.905229	78579.561172	197285.698023	0	327.658809	9560.882314	7365938.213054	18809448.830895	0
0001099263-25-004413	325155	RON	-1403.911416	0	0	0	0	-140227.002191	0	0	0	0
0001099263-25-004413	325158	EUR	33897.115954	142988.813907	157197.322646	132033.612794	-340352.964946	22539166.444541	14190572.597791	29810297.658588	32932595.412851	-29343354.1678
0001099263-25-004476	325467	GBP	333.6706	59386.586958	347844.584413	163336.481936	47981.855095	33155.7837	5786278.863065	33756218.026071	14681583.745681	4254305.434357
0001099263-25-004484	325755	TRY	204.924638	142.237743	12.368502	0	0	20519.541901	14049.734484	1221.71626	0	0
0001099263-25-004484	325752	PEN	0	318.9784	60178.432055	28488.546599	0	0	30957.648425	5797219.341203	2704966.280954	0
0000106444-25-000232	328818	AUD	-326.26381713	-3136.60025055	1604.74683369	-633.93539701	0	-32605.89426751	-311249.72044616	146695.5593012	-71847.96793663	0
0000225997-25-000213	328896	USD	-118949.90249507	-1932693.92640953	-6620015.264443	-15293402.95998044	-6582484.99030426	-12037209.19938622	-195944903.0761001	-682319952.7902726	-1555866974.983449	-668113343.5329204
0001410368-25-017836	319517	USD	33453.46	385145.38	8677083.37	7015443.34	7959667.89	3002584.79	38521875.5	867869864.84	701352015.86	795702443.84
0001193125-25-293287	322367	PLN	-22895.892868	100652.9443359	32805.019531	0	0	-2277984.3125	9986812.75	3273081.2499998	0	0
0001193125-25-293287	322366	USD	-796995.1285225	-3634249.2010735	-2767106.9143348	-2902837.9156752	-2601086.1515659	-55016486.6349601	-363084415.386023	-282822165.124058	-300236915.085282	-243042315.760832
0001193125-25-293287	322368	NOK	1281.6287918	-20194.9161415	-118711.7486572	0	0	128591.2841797	-2012401.2392578	-11643218.78125	0	0
0002071691-25-003731	320211	USD	504462.82	188.29	-32.24	0	0	0	0	0	0	0
0001003715-25-001337	322997	EUR	226876.927998	12588.577734	100421.335703	156003.978507	23420.634973	23020219.270938	1265402.441381	10119632.520463	15846997.503038	2409407.24769
0001003715-25-001337	322995	AUD	228863.422732	980.496068	14251.958339	67262.018745	7281.70852	22886342.273174	98227.832329	1435971.023763	6870319.693911	744421.347666
0001003715-25-001337	322998	GBP	855853.546993	2380.01247	6737.456174	7108.588778	345.973904	87992772.097588	218000.314756	662345.723539	730319.318074	36113.762617
0002071691-25-003738	320224	USD	94455.3	1148922.05	7180824.84	11316677.95	7976976.57	9412223.36	114730591.74	718196994.51	1131700717.16	797770062.23
0001021882-25-000208	320268	USD	-51221.25394137	-5138915.40621881	-6868557.98761976	-9896.85583672	595.42037548	-5260835.89142321	-512142812.2226998	-682513014.587508	-1343419.21127766	-61488.55622475
0002071691-25-007650	324681	SEK	0	0	0	0	0	0	0	0	0	0
0001021882-25-000204	320260	USD	-28372.64996178	-2208947.33461261	-12159463.91467046	-4805769.22404685	0	-2824502.96697676	-219220710.920904	-1189961799.089816	-467511766.6766501	0
0001193125-25-295368	322883	GBP	0	0	0	0	0	0	0	0	0	0
0001099263-25-003615	323853	USD	-869.667395	-631179.121107	-5376096.875793	-640259.276819	-189492.208895	-86853.795658	-69410326.002423	-529991114.97481	-61409676.466519	-18579342.769774
0002071691-25-007667	324871	CNY	-64.86	141.77	5129.04	2039.51	0	0	0	0	0	0
0002071691-25-007667	324878	EUR	-353589.15	-182363.08	2948337.54	347563.22	187141.57	-39860085.23	2380731.61	302375253.89	55725882.66	48583236.93
0002071691-25-007667	324900	THB	1590.01	-24625.43	-29679.4	120074.95	1513.31	152738.07	-2456065.92	-3006227.18	12061626.09	153428.52
0002071691-25-007667	324883	ILS	0	0	0	0	0	0	0	0	0	0
0000035402-25-001445	320446	USD	77372.03593178	1136527.91396768	6859497.64429653	7126487.34245889	6756476.44741917	7737212.74455425	113652794.808252	685949762.482462	712648742.844337	675647635.749212
0000910472-25-005072	326900	AUD	-209042.582202	0	0	0	0	-20904224.782665	0	0	0	0
0000910472-25-005072	326904	JPY	52607.861171	0	0	0	0	5310907.348545	0	0	0	0
0001532203-25-000066	328838	AUD	1574.05116188	-216531.10165518	-838412.18988699	-841523.77153035	-120233.46573063	157168.17782529	-21484028.52597309	-82227597.08388816	-81001510.44015801	-11232012.43300872
0001099263-25-004419	325096	MYR	0	28640.211989	42785.862822	5435.212224	0	0	2824748.890431	4170619.130534	525023.320595	0
0001099263-25-004485	325958	EUR	73978.030155	1957704.595677	1607226.675704	-1714471.44913	-2702480.678003	6993280.934638	208623841.336544	176125404.158307	-154232812.580581	-235825668.551257
0001099263-25-004485	325970	MXN	12595.351979	176356.225615	496201.60171	61783.326084	0	1256472.858199	17319197.24843	48265651.035171	5969568.731998	0
0001099263-25-004485	325965	CAD	40315.504473	85094.899357	38494.516367	-155933.663636	-136651.336279	4022081.033126	8412479.436874	3745501.910696	-13799678.42474	-12230652.036549
0001532203-25-000068	328938	USD	-875747.37554143	.00000001	.00000001	.00000001	.00000001	-87335115.48402683	.00000001	.00000001	.00000001	.00000001
0001532203-25-000068	328919	DKK	680.73438511	-48278.18495975	-139781.18808834	-121267.82554593	-29460.94081517	67744.30199116	-4783139.83147513	-13702001.03826788	-11685011.8296875	-2766252.4626495
0001532203-25-000068	328922	HKD	16.02599971	-1627.87540437	-6015.98531669	-17701.55514977	-96.23358028	1600.27201123	-161580.53074132	-591367.09190151	-1689829.41390437	-9591.5685308
0001410368-25-043401	329804	USD	79537.85	6847.03	-68773.96	0	0	170612.81	-285756.31	0	0	0
0001099263-25-004413	325166	AUD	14.075411	1024.658103	358353.727225	287815.378942	0	1405.561781	96666.662638	34221587.838626	27450767.114836	0
0001099263-25-004413	325161	NGN	1212.18201	1836.611125	0	0	0	120492.467658	182559.260562	0	0	0
0001099263-25-004413	325157	MXN	0	4225.790419	10287.36191	59.005853	0	0	413375.282231	1006174.651176	5632.889208	0
0001099263-25-004413	325163	GBP	1099.747304	98362.829346	147623.531982	418581.169568	71599.541961	358936.755369	9756081.657109	14275156.137394	38529347.685693	6305482.276507
0001099263-25-004476	325470	EUR	6131.888152	40471.811869	294132.739759	-159391.013542	-195451.464625	11394190.257438	3952650.881321	32798025.035503	-8108492.23095	-16847041.340659
0001099263-25-004476	325471	MXN	0	1027.677354	5790.009296	1104.479436	0	0	100899.479456	560525.113537	106075.026454	0
0001099263-25-004476	325468	JPY	0	0	81042.798761	47189.483951	0	0	0	7784576.999673	4532792.265468	0
0001099263-25-004484	325748	EUR	2443.377041	9414.578331	280110.417642	-184678.581332	-104328.104309	242739.60256	2273776.550707	28616720.865133	-16730009.385722	-9007461.496304
0001099263-25-004484	325753	AUD	479.333752	8550.809142	157733.45993	162690.161546	0	47559.611926	841562.04896	15052035.450655	15504662.902878	0
0001099263-25-004484	325746	EGP	0	4406.705132	1016.931954	0	0	0	435410.556253	100479.359135	0	0
0001193125-25-334136	329606	USD	-6036.54	-511406.75	-841788.88	-884474.24	-624810.51	-629878.42	-51263013.29	-84765118.49	-91376384.49	-57963540.58
0000106444-25-000232	328822	USD	-443.36144839	-5954697.15083832	-7968468.27658451	-155837.82726036	18895.43430541	-985411.00698907	-589409883.392725	-789879259.2047039	-22496779.962739	-1214712.38975005
0001193125-25-293300	322363	BRL	171.2967453	436.8389893	-6622.7148438	-243.4625244	0	17089.0742188	43502.578125	-649397.40625	-24313.6796875	0
0000035402-25-001478	320461	USD	48154.7142072	1011906.96818679	3232018.59622	4331663.54193096	4078292.50218887	4815473.96221485	101190699.813391	323201854.176218	433166361.544524	407829242.629276
0001193125-25-293559	322758	USD	40912.6366134	-766345.4925598	-1703614.6414865	-1582990.4896746	-795847.7520117	4043442.0743332	-77102647.8101572	-171239867.629082	-162315070.312121	-75221979.5050722
0001410368-25-017902	319531	USD	-38712.57	1511396.64	7649837.57	9265286.25	4334387.79	-4776990.11	150893284.82	764977328.9	926524146.3	433437373.47
0001193125-25-293287	322372	CZK	22978.4243164	-101401.8969727	-33161.3568115	0	0	2286216.4570313	-10061019.625	-3308634.34375	0	0
0001003715-25-001337	323001	TRY	779.520304	992.750796	0	0	0	76124.503227	96959.723694	0	0	0
0000035402-25-001486	320477	USD	85871.57889775	1577330.96005427	7246503.7153007	8969691.63076428	6947131.2407508	8587150.81106019	157733096.197304	724650370.122917	896969171.917964	694713118.94518
0002071691-25-007667	324868	CAD	-1910.54	-714.99	86046.36	27573.48	0	-181786.19	-71276.22	8088975.66	3953434.16	0
0002071691-25-007667	324869	CHF	-47.4	1154.91	0	0	0	-3778.45	242825.79	0	0	0
0002071691-25-007667	324892	NOK	1516.62	0	0	0	0	0	0	0	0	0
0000035402-25-001416	320421	USD	50572.13601668	1628410.23413022	4371140.09663959	6141085.05111584	5372946.42645236	5057213.80149496	162841024.26433	437114005.695504	614108508.503328	537294638.919448
0001410368-25-032903	326867	USD	95435.2	-1876368.47	-4828896.03	-3162338.95	-832565.68	9208313.94	-193200956.31	-502168198.39	-324317886.31	-78955293.92
0001532203-25-000066	328841	CLP	1076.10557082	-9424.14692237	-29775.48493464	-46831.33258683	-16658.41907008	107301.80023027	-935106.40055201	-2923895.18529193	-4489960.37973793	-1556750.53909878
0001532203-25-000066	328842	CNY	7601.12282126	-86917.29451271	-270411.8006688	-256341.88897318	-169811.87894286	756060.07810431	-8609018.86923088	-26487435.93074268	-24687248.58845336	-15244836.27191216
0001532203-25-000066	328843	CZK	199.55761551	-19641.03964081	-101380.652094	-90215.57250165	-16886.6162092	19855.39254927	-1948595.84292849	-9932291.24091313	-8686553.06348533	-1548299.18090865
0001532203-25-000066	328859	RON	411.24941449	-25058.01877937	-49639.44645183	-38118.64631065	-453.9069382	40914.15014403	-2482144.38001561	-4873659.93279477	-3675489.79702528	-45283.46000446
0001099263-25-004419	325112	NZD	0	0	77.628687	6.022918	0	0	0	7530.984652	584.300767	0
0001193125-25-301782	326696	USD	72641.89819827849	-822618.4877984901	-2098537.147065734	-2021436.944332336	-880543.5613765696	7236236.078739886	-82292184.48474686	-209100199.1684273	-200515303.215058	-83686996.10564081
0000106444-25-000235	328831	AUD	62.87855817	3539.94130309	-41408.76701283	47784.14194496	368.9453005	6028.93614685	346024.72024752	-4047362.15981102	4500651.45305397	36860.64213183
0001532203-25-000068	328913	AUD	1813.34594518	-257539.82854983	-977284.67904804	-1026929.38475578	-137057.25852501	181075.27491018	-25554822.87914764	-95866811.88377306	-98820091.00823936	-12846976.55861964
0001532203-25-000068	328916	CLP	1360.55929178	-11792.33863876	-37380.41908966	-55972.99305264	-20554.87665227	135665.2229985	-1170161.61613411	-3671148.83142293	-5368163.05775895	-1920287.18738812
0001532203-25-000068	328928	MXN	-655.77140975	-77798.06402132	-181361.6102291	-220441.80207491	-70392.97016211	-65294.10922954	-7716886.56221439	-17814670.81115559	-21134537.04949119	-6613295.81231178
0001532203-25-000068	328932	PEN	765.07502401	-8540.76761048	-50929.41874366	-90320.83281955	-10238.88054147	76047.9153671	-847401.26292483	-4993948.29130751	-8665987.29452669	-985172.58212549
0001532203-25-000068	328923	HUF	80.67675219	-18654.76601963	-38317.38796682	-29163.92271427	-3894.03180072	8034.2987052	-1847565.0938709	-3757582.67884854	-2797040.09587447	-383255.10457354
0001532203-25-000068	328934	RON	474.35658464	-28823.0149421	-61177.87632141	-45103.48744032	-465.82195982	47190.70704219	-2856017.15415809	-6009266.75765786	-4352338.94138741	-46472.1472876
0001532203-25-000068	328936	SGD	391.76765677	-46336.55139353	-115830.56968142	-191064.05262177	-215143.66363564	39128.0380781	-4597974.70027908	-11370509.408513	-18265600.42096561	-19098611.49227149
0001099263-25-004476	325466	USD	1133982.111137	-123183.247948	2529237.824683	22846945.956417	5640515.909699	149551199.018295	-8146729.322804	290584972.781751	2080708849.148173	508226377.914142
0001099263-25-004484	325750	MXN	0	12784.792287	33524.321833	3779.831046	0	0	1254572.072621	3264491.631469	362496.017529	0
0001193125-25-334136	329603	GBP	6618.05	-17232.91	-99859.82	-353707.14	-104445.64	661977.58	-1712218.93	-9789501.18	-33707517.14	-9614517.73
0001099263-25-004447	325252	AUD	2230.871341	0	0	0	0	222750.40724	0	0	0	0
