ACCESSION_NUMBER	MONTHLY_TOTAL_RETURN_ID	CLASS_ID	MONTHLY_TOTAL_RETURN1	MONTHLY_TOTAL_RETURN2	MONTHLY_TOTAL_RETURN3
0001410368-25-017881	904214	C000119708	6.62	1.19	2.34
0001193125-25-293300	911520	C000025102	-.322024	1.352776	.89625499
0001193125-25-293300	911531	C000179983	-.31863999	1.357332	.900835
0001193125-25-293300	911534	C000224619	-.326536	1.34822	.89167499
0001193125-25-251553	904723	C000026238	8.30666	.92940799	2.070497
0001193125-25-251558	904805	C000024478	5.20916	-.126649	2.321954
0001193125-25-251558	904814	C000024489	5.23694999	-.07263999	2.361728
0001021882-25-000207	905857	C000080855	1.90446	.19481	1.30902
0000036405-25-000239	913932	C000034427	2.40544	-.7335	1.69988951
0000036405-25-000243	914000	C000096110	2.54897	4.07695	2.04567545
0000036405-25-000240	914025	C000105305	1.74245	5.20821	.40117619
0000035402-25-001351	906208	C000019555	4.17	1.68	1.56
0000035402-25-001351	906209	C000254532	4.14	1.64	1.56
0000035402-25-002187	914594	C000252921	.67	2.55	3.21
0000862084-25-000080	914671	C000007828	2.29207	2.27853	3.47388484
0000036405-25-000238	914753	C000007774	2.23724	2.026	3.64761741
0000794105-25-000143	914775	C000075028	-.28998	1.18483	1.06222039
0001410368-25-032038	917963	C000017601	3.63	-.03	7.62
0001410368-25-032043	917964	C000019038	.88	3.44	1.75
0001193125-25-251557	904851	C000025149	1.181328	-.39673299	1.33896799
0001193125-25-251557	904859	C000025159	1.214296	-.43936399	1.453448
0001193125-25-251557	904868	C000224562	1.229512	-.347632	1.39112
0002071691-25-003685	905044	C000006436	6.69	3.53	-.85
0000035402-25-002146	914696	C000013197	.88	2.22	3.34
0001193125-25-293305	911421	C000023937	.89800999	1.59213199	2.953565
0001193125-25-293305	911422	C000023938	.85159999	1.52996	2.892368
0001193125-25-293305	911424	C000023940	.90423399	1.54986399	2.93905999
0001193125-25-293305	911432	C000023950	.93103999	1.60078399	2.972649
0001193125-25-293318	911585	C000148419	.4301	1.81220599	2.934055
0001193125-25-293318	911586	C000164815	.47850799	1.87216	2.98162
0001193125-25-293287	911538	C000164461	-.75315399	1.51856	.55817599
0001193125-25-293287	911539	C000164462	-.64828	1.522064	.588896
0001193125-25-293287	911550	C000164475	-.64945	1.52462399	.56369
0001193125-25-293287	911556	C000224628	-.645052	1.623275	.61722
0001410368-25-019349	906704	C000019994	.64	.12	.89
0001410368-25-019349	906708	C000019991	.71	.19	.97
0002071691-25-006501	911989	C000018334	.4364385	3.004605	.430966
0001099263-25-003601	915727	C000219315	3.4	.72	4.6
0000777535-25-000037	916953	C000154477	1.218775	1.723533	3.503813
0001099263-25-003630	915715	C000225816	3.69	.71	3.58
0001193125-25-251548	904678	C000024003	6.39084199	2.41876999	1.037275
0000794105-25-000139	914005	C000054349	.08446	1.51899	.46965918
0001003715-25-001305	913608	C000199641	2.26	2.1	3.04
0001410368-25-017052	903477	C000002270	2.28	-.71	3.75
0001193125-25-293324	911745	C000026252	-.32618399	3.17199499	.7237
0001193125-25-293324	911759	C000189498	-.28674999	3.21506	.75901099
0001193125-25-251567	904895	C000025069	6.92977399	1.99722999	1.76442199
0001193125-25-251567	904902	C000068598	6.91681999	1.988159	1.757278
0001193125-25-251567	904905	C000162626	6.90194999	1.99342399	1.75094299
0001193125-25-252339	905146	C000032900	3.06	.78	2.82
0000752177-25-000256	913878	C000108861	.85197	2.86871	3.30196749
0000036405-25-000242	913966	C000007797	1.85739	4.5977	.95730614
0000889519-25-000042	914064	C000007054	1.30417	1.84195	2.51556279
0001193125-25-293319	911620	C000026336	-1.42940199	3.805763	3.77641999
0001193125-25-293319	911629	C000179990	-1.39869999	3.834992	3.80888699
0001193125-25-293319	911630	C000189494	-1.418109	3.82736799	3.783806
0000794105-25-000138	914014	C000007063	-.28863	1.16569	1.04638582
0001193125-25-293283	911485	C000180008	2.04895299	1.947404	2.342317
0001193125-25-293283	911488	C000224625	2.04862399	1.94581199	2.319515
0000035402-25-002218	914642	C000052072	-.25	1.22	1.04
0001410368-25-017036	903379	C000006929	2.99	-1.03	2.82
0000940400-25-010634	915588	C000011387	-.23	1.38	1.17
0000940400-25-010634	915591	C000011390	-.21	1.51	1.19
0000035402-25-002202	915511	C000254565	2.37	-.81	1.2
0001021882-25-000204	905824	C000080844	1.16733	-.37457	1.47474
0001193125-25-296899	915978	C000086127	-.4	1.44	.84
0000777535-25-000040	917788	C000234673	3.542415	.706186	4.171506
0001193125-25-299124	918259	C000030878	-.08	1.19	1.39
0001410368-25-032041	917959	C000019037	3.42	.82	5.29
0001410368-25-032289	918416	C000019036	2.24	2.03	3.64
0001193125-25-334094	930795	C000042409	1.88346	1.98973599	1.160836
0001193125-25-301809	921833	C000077672	3.81	-.2	3.8
0001084380-25-000525	932561	C000162542	1.772492	3.417107	2.131741
0001084380-25-000525	932563	C000079551	1.755965	3.429203	2.117647
0001193125-25-334091	931035	C000042398	1.87705799	1.605177	.70259399
0001193125-25-334091	931030	C000042393	1.775894	1.62375199	.71110699
0001193125-25-334091	931042	C000179959	1.89311599	1.61864	.70787899
0001099263-25-004419	919212	C000026516	-.034055	.475731	.451888
0001099263-25-004485	919904	C000046101	.085237	1.576794	.729217
0001193125-25-334202	931234	C000024450	1.61759999	2.24051	-.37669399
0001193125-25-334214	931474	C000223654	2.67427699	1.38232	-.472339
0000035402-25-002966	929134	C000254552	1.21	5.75	5.28
0001193125-25-334203	931291	C000024464	2.549798	1.457054	-.038463
0001193125-25-334203	931303	C000077881	2.64890199	1.55355	.04727099
0000734383-25-000143	928183	C000135474	2.45168	2.73046859	.51212017
0000106444-25-000235	928207	C000007098	1.45098	1.09934493	.41828386
0001193125-25-334098	930866	C000042420	1.95590999	2.60146399	1.663098
0001193125-25-334098	930870	C000135762	1.936424	2.590928	1.60043199
0000857489-25-000149	928226	C000015902	2.97129	5.73306261	1.40871177
0001193125-25-334200	931429	C000026379	3.002832	4.226825	2.902184
0001193125-25-334200	931430	C000026380	3.019675	4.273015	2.91328
0001193125-25-334200	931435	C000026387	2.979131	4.2129	2.86305
0001193125-25-334200	931441	C000179977	3.02027199	4.273475	2.92397499
0001410368-25-043382	931565	C000012081	4.76	2.42	.92
0000736054-25-000149	928240	C000170278	4.18442	3.6390185	1.52052407
0001193125-25-334097	931083	C000042425	1.927502	2.593675	1.671036
0001193125-25-334097	931087	C000078493	2.06107999	2.69472	1.763272
0001193125-25-334097	931089	C000135767	2.010425	2.656885	1.754498
0001193125-25-334136	931202	C000096498	1.820425	1.84804	1.395392
0001193125-25-334136	931209	C000096506	1.91419999	1.92734399	1.487285
0001193125-25-334136	931210	C000096507	1.889505	1.922623	1.43626399
0000734383-25-000145	928279	C000008012	3.47826	.17065278	-2.59093173
0001004655-25-000255	928296	C000209802	3.70828	1.96116893	-.32925682
0002071691-25-007797	919886	C000010746	.263585	3.576527	1.24226
0002071691-25-007782	919963	C000033526	3.526359	1.332772	3.495004
0000940400-25-014474	928382	C000012437	1.39	1.04	.71
0000857489-25-000152	928234	C000015903	3.92012	2.23958137	.25581395
0000898745-25-000869	927124	C000019317	.66	-1.44	-4.24
0000898745-25-000869	927127	C000175482	.71	-1.44	-4.21
0001004726-25-003167	927824	C000128677	2.57	3.22	.88
0001193125-25-293300	911519	C000025101	-.34684	1.327718	.87221
0002071691-25-006469	911929	C000018531	1.5340382	2.121448	1.2028758
0000035402-25-001447	906454	C000100043	1.56	-.27	1.18
0001193125-25-251553	904720	C000026235	8.32353599	.95762099	2.09673699
0001193125-25-251553	904727	C000026243	8.33123999	.95712	2.09383999
0001193125-25-251558	904806	C000024479	5.201969	-.12688	2.330818
0001193125-25-251558	904811	C000024485	5.26012	-.059278	2.367242
0001193125-25-251558	904820	C000179982	5.29791199	-.02568599	2.423294
0001193125-25-251558	904822	C000189630	5.28899499	-.02527499	2.410646
0001021882-25-000207	905856	C000080853	1.89522	.18582	1.34071
0000036405-25-000239	913933	C000034428	2.41612	-.7177	1.70648983
0000036405-25-000243	913996	C000007779	2.53433	4.07062	2.03140973
0000036405-25-000240	914022	C000007802	1.73188	5.19126	.39496711
0000035402-25-001351	906204	C000254529	4.17	1.67	1.56
0001193125-25-293564	912468	C000023927	2.75417599	1.2444	2.739952
0001193125-25-293564	912470	C000121511	2.73301999	1.225124	2.72261999
0000035402-25-002136	914378	C000064233	3.16	.25	2.6
0000035402-25-002187	914597	C000157967	.67	2.55	3.25
0000752177-25-000258	913875	C000034441	.87607	2.8406	3.3075299
0000036405-25-000234	913899	C000007775	.15947	3.44478	2.30338913
0000940400-25-010613	915514	C000012037	1.62	3.39	.45
0001410368-25-032006	917858	C000201048	-1.01	3.65	6.69
0000777535-25-000042	917874	C000154474	.922716	1.94414	3.364892
0001193125-25-251557	904850	C000025148	1.06844	-.43436799	1.38409999
0001193125-25-251557	904855	C000025154	1.200348	-.379107	1.358048
0001193125-25-251557	904864	C000179993	1.154746	-.342498	1.475072
0002071691-25-003685	905039	C000102727	6.8	3.62	-.76
0002071691-25-003685	905040	C000006430	6.76	3.59	-.79
0000035402-25-002150	914458	C000182209	.54	1.98	2.67
0001193125-25-293305	911423	C000023939	.85165999	1.527412	2.892812
0001193125-25-293305	911435	C000148414	.87615999	1.549238	2.92736
0001193125-25-293318	911576	C000026307	.503606	1.86626499	2.996564
0001193125-25-293318	911582	C000026315	.48247799	1.86924	2.97498799
0001193125-25-293287	911536	C000164459	-.645511	1.62479599	.529222
0001193125-25-293287	911537	C000164460	-.645052	1.623275	.700496
0001193125-25-293287	911543	C000164466	-.644825	1.62151999	.60876799
0001193125-25-293287	911552	C000179994	-.645052	1.623275	.62563499
0000035402-25-001403	906325	C000064276	4.15	1.95	1.08
0001099263-25-003601	915725	C000005455	3.29	.62	4.5
0002071691-25-003738	905713	C000052220	.651061	-.251407	.800972
0001099263-25-003630	915711	C000005424	3.63	.64	3.52
0001193125-25-251548	904683	C000024008	6.41449199	2.43598299	1.071159
0001193125-25-251548	904688	C000024015	6.34941599	2.394431	1.03962499
0001193125-25-251548	904690	C000068557	6.40563999	2.425188	1.08488
0001193125-25-251548	904693	C000164827	6.40228399	2.450166	1.051034
0001193125-25-251548	904697	C000220528	6.39482299	2.43521	1.07718799
0001193125-25-251548	904698	C000220529	6.396612	2.43501799	1.076215
0001410368-25-028395	910562	C000105869	3.49	.54	12.49
0002071691-25-007650	918542	C000202277	.580766	1.27102	.6996
0001410368-25-017052	903479	C000002268	2.23	-.74	3.69
0001410368-25-017052	903482	C000033014	2.32	-.64	3.78
0001193125-25-293282	911374	C000025052	1.722645	.94154	3.593546
0001193125-25-293282	911377	C000025055	1.815934	1.01455999	3.69254799
0001193125-25-293282	911387	C000164826	1.805389	1.02472	3.673875
0001193125-25-293282	911388	C000179985	1.821696	1.02764	3.68157799
0001193125-25-293324	911746	C000026253	-.309764	3.19798999	.74504
0001193125-25-293324	911760	C000189499	-.29942499	3.222772	.768894
0000794105-25-000137	913887	C000105308	-.22698	1.5072	.71865842
0000036405-25-000236	913917	C000007793	2.02323	1.53531	1.60457885
0001193125-25-251567	904898	C000025073	6.89685	1.969856	1.738665
0001193125-25-251567	904900	C000025076	6.88274299	1.945844	1.722044
0001193125-25-251567	904901	C000025077	6.906818	1.988616	1.75624599
0001193125-25-251567	904891	C000025065	6.840448	1.90832	1.663937
0000923202-25-000082	913937	C000012141	-1.68937	4.65632	2.87540558
0000923202-25-000082	913938	C000051262	-1.70146	4.63954	2.87905273
0000036405-25-000242	913964	C000007795	1.83979	4.58985	.94968153
0000036405-25-000242	913967	C000007798	1.8517	4.60099	.9563248
0000794105-25-000140	913959	C000007061	-.05958	1.11244	.22449759
0001193125-25-293319	911616	C000026331	-1.44739	3.7664	3.74818999
0001193125-25-293319	911621	C000026337	-1.423375	3.794058	3.772872
0001004726-25-002038	914059	C000012075	.56	3.18	1.48
0000794105-25-000138	914013	C000007062	-.29814	1.15629	1.03703588
0001193125-25-293283	911484	C000164820	2.05289599	1.93243999	2.32576799
0000035402-25-002155	915334	C000179008	.6	2.07	2.9
0000940400-25-010642	915600	C000012043	.92	7.05	.99
0000940400-25-010634	915589	C000037618	-.22	1.5	1.08
0000035402-25-002272	915693	C000021006	3.02	.84	2.79
0001410368-25-017274	903688	C000079984	2.86	-.77	4.16
0000035402-25-001446	906398	C000019275	1.65	-.24	1.12
0001193125-25-295368	913154		.85	.47	.75
0000036405-25-000245	914055	C000105307	1.70188	3.31218	1.52279158
0001099263-25-001808	906048	C000005493	2.86	.44	2.22
0000036405-25-000244	913980	C000007783	3.74701	.83675	4.70139503
0001099263-25-003615	916308	C000005428	2.32	.41	1.19
0001410368-25-031954	917779	C000017597	-.05	3.11	.14
0001410368-25-032147	918045	C000117726	2.24	2.02	3.63
0002071691-25-007667	918665	C000202264	.165796	1.083121	.851849
0001193125-25-299121	918291	C000235735	-.03	4.13	3.54
0001193125-25-299123	918330	C000030875	-1.16	4.1	.24
0001410368-25-032903	922763	C000018457	.21	1.57	1.01
0001410368-25-032903	922767	C000158206	.24	1.78	.92
0000734383-25-000149	928298	C000008004	3.09623	-.32467532	.57003257
0001004726-25-003417	930163	C000225167	3.09	2.46	1.11
0000035402-25-003013	929407	C000079292	4.02	3.87	1.83
0001193125-25-334090	930783	C000078489	1.856	1.822265	1.023225
0001193125-25-334090	930785	C000135751	1.77911899	1.854468	.988289
0001193125-25-334094	930797	C000078490	1.911732	2.01619999	1.195377
0001193125-25-334093	930810	C000042416	1.96251799	2.481712	1.543688
0001193125-25-334093	930815	C000148409	1.898684	2.44057999	1.474176
0001193125-25-334095	930837	C000082212	1.960517	2.69247199	1.80534
0001193125-25-334095	930844	C000135772	2.02711099	2.79458599	1.899328
0001410368-25-043408	931541	C000210296	2.17	3.65	2.8
0002071691-25-009312	926250	C000015223	3.133441	1.728654	1.090636
0002071691-25-009312	926254	C000015218	3.106429	1.676709	1.078745
0000857489-25-000147	928201	C000065038	2.93551	3.52514688	1.89363708
0000857489-25-000147	928203	C000209799	2.93606	3.52083497	1.88408765
0001532203-25-000066	928218	C000109503	.03477	.58987489	1.02459397
0001193125-25-334091	931032	C000042395	1.76592799	1.54916199	.61043699
0001410368-25-042035	927425	C000028338	.84	2.89	1.91
0002071691-25-009466	926552	C000110086	1.01689	.867461	.614033
0001099263-25-004419	919207	C000026518	-.067982	.440579	.420046
0001099263-25-004419	919209	C000064132	-.042556	.466949	.443966
0001099263-25-004472	919518	C000118561	-.060642	1.674839	.231243
0001099263-25-004485	919905	C000046102	.139276	1.630941	.78341
0001410368-25-038298	924003	C000175546	2.68	.44	-.53
0001410368-25-039936	924535	C000001974	-.24	3.14	4.03
0001193125-25-334199	931266	C000025726	2.15098999	1.831508	.137564
0001193125-25-334199	931274	C000148358	2.17295599	1.853414	.16317
0001193125-25-334199	931276	C000179991	2.233001	1.91916	.237644
0001193125-25-334202	931237	C000024453	1.66972399	2.31228199	-.323857
0001193125-25-334202	931249	C000176470	1.715904	2.322064	-.27361
0001193125-25-334214	931470	C000179951	2.712954	1.360616	-.47416699
0001193125-25-334214	931473	C000223653	2.71192799	1.375288	-.510601
0001193125-25-334203	931293	C000024466	2.580968	1.49321	.010862
0001193125-25-334203	931297	C000024471	2.60446699	1.52587999	.025123
0001193125-25-334203	931302	C000068596	2.63799	1.534664	.06616499
0000106444-25-000235	928208	C000007097	1.44153	1.09022212	.40890361
0000857489-25-000151	928259	C000096109	4.14504	3.72049355	1.69014084
0001410368-25-042012	927414	C000016171	2.3	3.45	2.16
0001193125-25-334932	931784	C000131598	1.325130146711	4.539934609995	4.986149584488
0001410368-25-043401	931791	C000166017	3.25	3.78	-1.96
0000225997-25-000205	928209	C000007956	.62661	.6300221	.17603516
0001193125-25-334200	931425	C000026375	2.98954999	4.231084	2.89414999
0001193125-25-334200	931427	C000026377	2.930408	4.181423	2.819336
0001193125-25-334200	931433	C000026384	3.001745	4.22187499	2.893882
0001099263-25-004413	919245	C000200452	-.195503	1.540268	1.26457
0001099263-25-004476	919413	C000071766	-.106045	.849257	3.07083
0000736054-25-000149	928239	C000094038	4.18435	3.63940509	1.5114379
0001084380-25-000533	932621	C000079552	2.504743	2.406516	.939985
0001084380-25-000533	932622	C000014627	2.510151	2.412675	.914205
0001084380-25-000533	932623	C000202745	2.534998	2.435424	.936599
0001193125-25-334097	931082	C000042424	1.926825	2.593304	1.671185
0001193125-25-334097	931091	C000148411	1.95387999	2.613224	1.69821999
0001193125-25-334097	931093	C000179964	2.07103499	2.663124	1.77060599
0001193125-25-334136	931201	C000096497	1.81413199	1.86086399	1.388102
0001193125-25-334136	931215	C000179967	1.91244799	1.95977599	1.460024
0002071691-25-007797	919890	C000098141	.323933	3.717044	1.292355
0000940400-25-014474	928385	C000196667	1.36	1.01	.67
0000734383-25-000146	928285	C000008008	5.18716	3.65187258	5.1562299
0000225997-25-000214	928268	C000007953	.8735	1.91205573	1.07632071
0000898745-25-000869	927126	C000038781	.62	-1.52	-4.31
0000035402-25-002869	928778	C000064269	1.03	5.23	3.76
0000225997-25-000213	928313	C000153132	.83731	2.43267096	1.10577423
0001193125-25-293300	911528	C000077906	-.31863999	1.357332	.900835
0001193125-25-251553	904728	C000026244	8.31905299	.95916	2.091836
0001193125-25-251553	904729	C000026246	8.25964	.87676999	2.039001
0001193125-25-251553	904732	C000068559	8.35606299	.965184	2.12006
0001193125-25-251553	904733	C000077861	8.36051	.97497199	2.13027499
0001193125-25-251553	904738	C000189497	8.33226499	.97790399	2.12668399
0001193125-25-251558	904804	C000024477	5.272972	-.05473	2.39319999
0001193125-25-251558	904819	C000164816	5.283352	-.045444	2.39377399
0000105544-25-000027	913890	C000012161	-.03893	2.14174	1.00745748
0000752177-25-000264	913935	C000034439	.53829	2.16598	2.52501191
0000036405-25-000243	913999	C000007782	2.54694	4.07709	2.04465892
0000035402-25-001329	906172	C000100045	5.09	2.24	2.03
0000035402-25-001351	906205	C000064274	4.17	1.66	1.59
0000036405-25-000234	913900	C000007776	.17404	3.44578	2.33396063
0000036405-25-000234	913901	C000007777	.17404	3.44578	2.32221309
0001193125-25-293563	912441	C000023916	2.25265299	1.238088	3.91642099
0001193125-25-293563	912445	C000176239	2.22300799	1.20687	3.91130999
0000777535-25-000042	917875	C000154475	.926477	1.947819	3.368278
0001410368-25-032172	918126	C000012007	2.24	2.02	3.65
0001410368-25-017836	904179	C000012091	2.17	.03	.95
0002071691-25-003685	905042	C000006435	6.7	3.52	-.85
0001193125-25-293305	911425	C000023941	.928925	1.571192	2.971172
0001193125-25-293305	911429	C000023946	.927468	1.570392	2.975278
0001193125-25-293318	911584	C000077905	.50039999	1.87964	2.99924999
0001193125-25-293318	911590	C000224591	.487058	1.866401	2.98085
0001193125-25-293318	911591	C000224592	.485	1.873466	2.984912
0001193125-25-293287	911540	C000164463	-.64620199	1.51856	.62915999
0001193125-25-293287	911541	C000164464	-.64712499	1.62900799	.57926599
0001193125-25-293287	911544	C000164467	-.53752499	1.62151999	.584432
0001193125-25-293287	911548	C000164472	-.537868	1.623275	.58542999
0001193125-25-293287	911554	C000189485	-.53752499	1.62151999	.60127999
0001410368-25-019349	906703	C000054891	.96	-.08	.96
0001410368-25-019349	906705	C000156627	.97	.19	.97
0001410368-25-019349	906706	C000054892	.92	.14	.92
0002071691-25-006501	911990	C000199719	.4462936	2.53403	.849112
0002071691-25-006501	911992	C000018333	.4666614	2.992855	.4609025
0001099263-25-003640	915855	C000219322	-.19	3.16	.84
0001099263-25-003630	915714	C000166329	3.63	.66	3.53
0002071691-25-004164	907707	C000033520	1.514122	-.242534	1.319282
0000035402-25-001381	906314	C000103357	2.5	-2.41	4.7
0002071691-25-007650	918544	C000202276	.49436	1.046363	.757547
0000036405-25-000241	913947	C000007789	2.32989	1.92593	3.74944073
0000794105-25-000139	914007	C000054351	.1056	1.58228	.35721703
0001410368-25-017052	903483	C000002266	2.31	-.66	3.78
0001410368-25-017052	903485	C000002271	2.3	-.69	3.76
0001193125-25-293282	911382	C000025062	1.7739	.97786999	3.633248
0001193125-25-293282	911389	C000189470	1.80872	1.020766	3.68685799
0001193125-25-293324	911749	C000026257	-.32294099	3.194036	.73699999
0001193125-25-293324	911752	C000026261	-.3238	3.181175	.731762
0001193125-25-293324	911756	C000148446	-.34394999	3.14757199	.71177999
0000752177-25-000253	913865	C000007071	.76499	3.77358	5.6697149
0000036405-25-000236	913915	C000007791	2.00078	1.52564	1.599505
0001193125-25-251567	904903	C000077891	6.931708	2.002131	1.77362
0001193125-25-252339	905149	C000061836	3.05	.75	2.82
0001193125-25-252339	905152	C000255599	3.08	.77	2.88
0000036405-25-000235	913951	C000007807	2.28332	2.27858	3.46955467
0000836906-25-000266	914143	C000118814	.32	1.27592	-.02637795
0001193125-25-293319	911614	C000026329	-1.485124	3.74702	3.70012399
0001193125-25-293319	911615	C000026330	-1.491316	3.73378399	3.705056
0001193125-25-293319	911625	C000066830	-1.40451499	3.819452	3.792916
0001193125-25-293319	911627	C000148435	-1.467048	3.7628	3.74159999
0001193125-25-293319	911628	C000164824	-1.411432	3.828695	3.785836
0001410368-25-017278	903692	C000079978	5.11	2.27	2.26
0001193125-25-293283	911483	C000148444	1.97800999	1.87499	2.272427
0001410368-25-017036	903374	C000195683	3.11	-.93	2.93
0000035402-25-002155	915335	C000182210	.6	2.08	2.91
0000940400-25-010634	915587	C000052630	-.13	1.38	1.17
0001099263-25-003622	915699	C000219327	2.25	2.02	3.65
0000035402-25-002202	915509	C000254564	2.37	-.81	1.2
0000035402-25-002202	915512	C000254567	2.31	-.88	1.14
0001021882-25-000204	905823	C000080845	1.20549	-.43818	1.53561
0000035402-25-001446	906395	C000019273	1.71	-.28	1.29
0000035402-25-001335	906167	C000013938	8.7	4.9	.77
0001410368-25-032147	918043	C000117725	2.21	2	3.61
0000035402-25-001485	906456	C000249668	5.03	2.41	2.26
0001193125-25-334094	930798	C000135754	1.78035999	1.992172	1.04768
0001193125-25-334094	930802	C000164844	1.883193	2.037134	1.160075
0001193125-25-334094	930803	C000179961	1.92098399	2.02509799	1.154088
0001193125-25-334093	930811	C000078491	1.97105599	2.49062999	1.550353
0001193125-25-301809	921830	C000077669	3.83	-.18	3.81
0001193125-25-334091	931040	C000148406	1.752625	1.5377	.666566
0001410368-25-042035	927429	C000159956	.87	2.92	1.91
0001410368-25-040425	925474	C000002731	2.99	2.51	.95
0001410368-25-040424	925472	C000002734	5.04	2.55	.21
0001099263-25-004472	919516	C000118562	-.067273	1.664516	.22508
0001099263-25-004485	919902	C000064169	.130919	1.622647	.775023
0001193125-25-334199	931267	C000025727	2.21211499	1.88935899	.208441
0001193125-25-334199	931269	C000025730	2.133006	1.828368	.150512
0001193125-25-334199	931280	C000221715	2.233376	1.91981599	.222074
0001193125-25-334214	931457	C000023988	2.64930399	1.350572	-.54837999
0001193125-25-334214	931469	C000164804	2.679656	1.397813	-.51085899
0002071691-25-007741	919683	C000173566	2.598682	.506907	5.90959
0002071691-25-007741	919690	C000010798	2.564734	.497328	5.884858
0000035402-25-002946	929233	C000170033	1.11	5.32	3.64
0001193125-25-334203	931292	C000024465	2.55220799	1.45447	-.039792
0001193125-25-334203	931300	C000024475	2.596634	1.496197	.01404
0001193125-25-334098	930876	C000189466	2.003552	2.673118	1.666817
0001410368-25-043505	931678	C000119715	4.82	2.37	.68
0000035402-25-003052	929447	C000103373	7.12	3.14	1.83
0001193125-25-334932	931782	C000017063	1.197420939515	4.429611650485	4.86635676932
0001193125-25-334932	931785	C000189739	1.312260536398	4.528694336769	4.974674384949
0001410368-25-043401	931789	C000121568	3.27	3.74	-1.94
0001193125-25-334200	931428	C000026378	2.982433	4.20977999	2.863196
0001193125-25-334200	931434	C000026386	2.922022	4.16832499	2.821017
0001193125-25-334200	931437	C000068580	3.01712199	4.2492	2.91925599
0001193125-25-334200	931445	C000224598	3.02587799	4.25868	2.90823199
0001099263-25-004413	919246	C000026649	-.232591	1.501368	1.229311
0002071691-25-010101	932203	C000030895	4.475683	4.718231	.569378
0002071691-25-010101	932204	C000179766	4.472041	4.740149	.568334
0001193125-25-334136	931200	C000096496	1.889505	1.942904	1.461236
0001193125-25-334136	931205	C000096501	1.91026	1.961152	1.458868
0001193125-25-334136	931208	C000096505	1.88754	1.91156	1.435939
0001193125-25-334136	931219	C000224586	1.91244799	1.947464	1.460024
0002071691-25-007797	919892	C000010744	.298549	3.647995	1.289846
0000857489-25-000152	928232	C000015906	3.93534	2.27028717	.26246719
0000734383-25-000146	928284	C000008007	5.18444	3.64188163	5.14614174
0000898745-25-000869	927123	C000019315	.69	-1.44	-4.19
0000035402-25-002869	928780	C000254556	1.02	5.22	3.74
0000940400-25-014353	928082	C000141931	3.53	2.35	-.01
0001193125-25-293300	911516	C000025098	-.41000799	1.263934	.81037999
0001193125-25-293300	911527	C000068564	-.32992	1.347081	.89167499
0001193125-25-293300	911529	C000148420	-.385192	1.28899199	.83442499
0001193125-25-293300	911532	C000189457	-.33330399	1.343664	.887095
0001193125-25-251553	904724	C000026239	8.324426	.955486	2.10024
0001193125-25-251553	904731	C000026248	8.32559999	.967625	2.11405599
0001193125-25-251553	904739	C000224595	8.3537	.966932	2.120944
0001193125-25-251553	904740	C000224596	8.351472	.96606	2.135018
0001193125-25-251558	904818	C000148354	5.23074099	-.100972	2.34463999
0001193125-25-251558	904823	C000224629	5.27835499	-.04019599	2.408251
0000105544-25-000027	913891	C000012162	-.01607	2.12185	1.03005985
0000036405-25-000243	913997	C000007780	2.54324	4.08027	2.04189546
0000035402-25-001351	906206	C000254533	4.14	1.58	1.56
0001067839-25-000007	909372		2.376188	.90947	5.437264
0000777535-25-000042	917876	C000234671	.938427	1.95949	3.379057
0001193125-25-251557	904849	C000025147	1.06844	-.43436799	1.38537
0001193125-25-251557	904861	C000077900	1.23331599	-.42175199	1.475072
0001193125-25-251557	904862	C000148469	1.091366	-.40914699	1.40927699
0001193125-25-251557	904863	C000164803	1.221904	-.355186	1.382216
0001193125-25-251557	904865	C000189436	1.221904	-.434332	1.46235199
0001193125-25-251557	904866	C000189437	1.14461	-.34753	1.464896
0001193125-25-293305	911436	C000164818	.92721499	1.59377199	2.96647199
0001193125-25-293305	911437	C000180007	.92627	1.62221999	2.97741499
0001193125-25-293305	911440	C000224633	.954889	1.59281	2.980592
0001193125-25-293305	911441	C000224634	.92762599	1.619144	2.98831399
0001193125-25-293318	911573	C000026304	.40301	1.782264	2.899685
0001193125-25-293318	911574	C000026305	.43035199	1.8293	2.93394
0001193125-25-293318	911579	C000026311	.468368	1.858288	2.96367199
0001193125-25-293287	911542	C000164465	-.645511	1.62479599	.53949599
0001193125-25-293287	911553	C000189484	-.644825	1.62151999	.58723999
0001193125-25-293287	911555	C000224627	-.645052	1.623275	.603195
0001410368-25-019349	906709	C000156626	.69	.17	.95
0001410368-25-019349	906710	C000156628	.98	-.06	.98
0001003715-25-001337	913595	C000157147	-.25	1.43	1.09
0001099263-25-003601	915723	C000005453	3.34	.66	4.55
0001410368-25-022019	908871	C000263829		.34	1.07
0000894189-25-015336	916397	C000002164	-.17	1.18	1.07
0000777535-25-000037	916952	C000154476	1.210611	1.715586	3.496531
0001099263-25-003630	915712	C000005425	3.6	.62	3.5
0002071691-25-004164	907711	C000070638	1.55654	-.395932	1.261192
0002071691-25-004164	907712	C000009619	1.61635	-.330163	1.323715
0001193125-25-251548	904681	C000024006	6.35632399	2.40152299	1.01014799
0001193125-25-251548	904689	C000024016	6.41329999	2.42749199	1.064535
0002071691-25-007650	918539	C000202273	.690416	1.102618	.672993
0000794105-25-000139	914006	C000054350	.12909	1.54706	.39949217
0001410368-25-017052	903478	C000002265	2.25	-.75	3.69
0001193125-25-293282	911379	C000025058	1.789976	.998775	3.66466
0001193125-25-293282	911392	C000224624	1.82499799	1.018188	3.681024
0001193125-25-293324	911758	C000180011	-.26972799	3.22869199	.772892
0001193125-25-293324	911761	C000224599	-.28651599	3.22208	.763475
0000052848-25-000312	913993	C000055215	3.88903	.91171	4.91709563
0000794105-25-000137	913883	C000007057	-.23633	1.49692	.7094935
0000036405-25-000236	913916	C000007792	2.01845	1.54042	1.60716522
0001193125-25-251567	904893	C000025067	6.87098	1.941152	1.718628
0001193125-25-251567	904894	C000025068	6.88572199	1.98109999	1.73152999
0001193125-25-252339	905147	C000032902	3.02	.69	2.79
0001193125-25-252339	905148	C000032905	3.09	.8	2.85
0001193125-25-252339	905150	C000122670	3.1	.79	2.87
0000923202-25-000082	913936	C000012140	-1.69122	4.60599	2.87358073
0000036405-25-000235	913949	C000007805	2.27042	2.27288	3.45628087
0000036405-25-000235	913950	C000007806	2.27687	2.27903	3.46781118
0000036405-25-000235	913952	C000007808	2.27923	2.28311	3.46464235
0000794105-25-000140	913960	C000046843	-.08784	1.05971	.28001177
0000889519-25-000042	914065	C000007055	1.3245	1.84195	2.54274979
0001193125-25-293319	911613	C000026328	-1.41847499	3.796672	3.77406399
0001193125-25-293319	911618	C000026333	-1.404846	3.830696	3.803173
0001193125-25-293319	911626	C000077411	-1.400097	3.842551	3.796505
0001193125-25-293319	911631	C000189495	-1.418058	3.842551	3.78042
0002071691-25-006423	911726	C000066417	3.1854311	1.0574775	5.0079492
0000752177-25-000263	914039	C000034438	.31972	1.69972	1.74094707
0001193125-25-293283	911478	C000026225	1.962068	1.848785	2.24167299
0001193125-25-293283	911481	C000068572	2.049262	1.93339699	2.331702
0001193125-25-293283	911487	C000189431	2.064846	1.92776599	2.335638
0000940400-25-010634	915590	C000037620	-.29	1.42	1.01
0000035402-25-002272	915696	C000021009	3.01	.82	2.77
0002071691-25-003725	905684	C000012090	2.649504	-1.048409	-.091935
0000035402-25-001446	906397	C000019276	1.72	-.18	1.19
0000052848-25-000264	905785	C000012211	6.94911	3.29364	.31356
0000105563-25-000099	905896	C000012164	4.0229	1.57591	1.57669
0001099263-25-001808	906051	C000244822	2.86	.48	2.18
0000036405-25-000244	913983	C000007786	3.75861	.84627	4.71211637
0000777535-25-000040	917785	C000154479	3.517942	.683014	4.149748
0000777535-25-000040	917786	C000154480	3.526294	.690974	4.157167
0001410368-25-032147	918042	C000117728	2.23	2.01	3.63
0001193125-25-299124	918260	C000235737	-.08	1.27	1.32
0000035402-25-001386	906309	C000103355	5.4	2.55	4.07
0002071691-25-007832	920518	C000238582	-2.5	1.94	2.23
0001193125-25-334094	930796	C000042410	1.90350799	2.05341	1.144406
0001193125-25-334093	930805	C000042411	1.94402299	2.469944	1.5224
0001193125-25-334093	930816	C000164845	1.95040699	2.519781	1.526445
0001193125-25-334095	930838	C000082213	1.992905	2.708872	1.869656
0001193125-25-334095	930841	C000082216	2.03436799	2.79353999	1.8773
0001193125-25-301809	921834	C000083517	3.85	-.17	3.83
0001532203-25-000066	928221	C000109502	.05381	.58711864	1.03208375
0001193125-25-334091	931031	C000042394	1.754968	1.53882399	.66737999
0001193125-25-334091	931038	C000135747	1.855421	1.577868	.71750499
0001193125-25-334091	931043	C000189462	1.83425	1.560608	.76890999
0001410368-25-040419	925467	C000002730	2.71	2.6	1.3
0001099263-25-004472	919514	C000118565	-.093797	1.64043	.200425
0001099263-25-004472	919515	C000118566	-.156791	1.571613	.14187
0001193125-25-301782	921664	C000077653	1.26	1.15	2.3
0001410368-25-038298	924000	C000175543	2.72	.44	-.53
0001410368-25-038298	924001	C000175544	2.73	.4	-.53
0001410368-25-038298	924004	C000201705	2.72	.44	-.57
0001193125-25-334199	931272	C000068526	2.21895499	1.90319299	.221708
0001193125-25-334202	931243	C000024461	1.660688	2.278766	-.32432699
0001193125-25-334202	931251	C000186125	1.710795	2.32548199	-.287563
0001193125-25-334202	931254	C000190068	1.71420699	2.330012	-.288606
0001193125-25-334214	931459	C000023990	2.67427699	1.390558	-.472339
0001193125-25-334214	931465	C000023998	2.683581	1.39490199	-.512472
0002071691-25-007741	919686	C000010800	2.524424	.456006	5.845982
0002071691-25-007741	919689	C000173565	2.571845	.494328	5.892789
0000035402-25-002966	929140	C000254551	1.25	5.74	5.31
0001193125-25-334203	931309	C000224565	2.63592799	1.54466399	.05358999
0000107606-25-000043	928193	C000012181	3.45942	2.29087122	.79176563
0000857489-25-000151	928258	C000043573	4.14535	3.7213803	1.6903409
0001193125-25-334098	930867	C000042421	2.011464	2.643944	1.676021
0001193125-25-334098	930869	C000078492	2.03217	2.656156	1.73713999
0001193125-25-334098	930873	C000148410	1.97011999	2.61693799	1.63232
0000857489-25-000149	928227	C000035633	2.96958	5.71373811	1.42666072
0001193125-25-334200	931436	C000026388	3.01699999	4.24009399	2.902781
0001193125-25-334200	931440	C000164813	3.013025	4.25470999	2.91663999
0001099263-25-004413	919241	C000026644	-.203956	1.531421	1.25651
0001099263-25-004413	919247	C000026643	-.182851	1.553517	1.276582
0001099263-25-004484	919600	C000026514	.406854	1.263525	.524272
0000035402-25-003068	929382	C000204614	2.27	3.46	2.19
0001193125-25-334136	931216	C000189482	1.889774	1.93335999	1.464056
0002071691-25-007797	919885	C000109963	.33373	3.688673	1.340477
0002071691-25-007797	919887	C000010743	.312007	3.66723	1.319574
0002071691-25-007782	919961	C000070617	3.494368	1.251985	3.446939
0000898745-25-000869	927121	C000019313	.69	-1.46	-4.17
0000898745-25-000869	927122	C000019312	.64	-1.46	-4.24
0000035402-25-002869	928774	C000254558	1	5.2	3.72
0000913181-25-000365	923313	C000152106	-.146148	1.391302	1.121215
0001193125-25-293300	911521	C000025104	-.41113599	1.262795	.81037999
0001193125-25-293300	911522	C000025105	-.351352	1.32202299	.86762999
0001193125-25-293300	911524	C000025108	-.41564799	1.258239	.80579999
0001193125-25-293300	911530	C000164823	-.32992	1.343664	.88824
0002071691-25-006469	911926	C000128832	1.538416	2.1218324	1.213256
0002071691-25-006469	911928	C000018535	1.4960968	2.0740751	1.1655602
0001193125-25-251553	904721	C000026236	8.259592	.884003	2.02734499
0001193125-25-251553	904734	C000148459	8.273584	.91150999	2.058484
0001193125-25-251553	904736	C000179981	8.358482	.97415399	2.134412
0001193125-25-251553	904737	C000189496	8.32842699	.97812799	2.11604199
0001193125-25-251558	904807	C000024480	5.229124	-.07362799	2.35270399
0001193125-25-251558	904810	C000024484	5.19564299	-.113841	2.322584
0001193125-25-251558	904817	C000077915	5.29257699	-.02613299	2.40776
0001193125-25-251558	904824	C000224630	5.29850799	-.039898	2.423294
0000036405-25-000237	913905	C000007801	2.00448	3.79209	1.69625243
0002071691-25-004187	907747	C000172198	.499891	.308218	.531098
0001193125-25-293559	912419	C000023929	.49795999	1.565048	2.59339999
0001193125-25-293564	912471	C000176243	2.76553099	1.24677999	2.75206399
0001193125-25-293563	912444	C000121507	2.203944	1.198433	3.87564499
0001410368-25-032201	918146	C000101834	2.22	2.1	3.45
0001193125-25-251557	904848	C000025146	1.200348	-.376589	1.35932
0001193125-25-251557	904854	C000025153	1.144538	-.514752	1.38283
0001193125-25-251557	904858	C000025158	1.1864	-.39169699	1.344056
0001193125-25-251557	904860	C000068597	1.22444	-.353927	1.383488
0002071691-25-003685	905043	C000006439	6.7	3.53	-.85
0002071691-25-003685	905047	C000006431	6.78	3.62	-.76
0000035402-25-002150	914457	C000179007	.48	1.97	2.66
0000752177-25-000262	914646	C000007077	.80173	2.69195	3.09800417
0000035402-25-002146	914695	C000179009	.88	2.22	3.34
0001193125-25-293305	911426	C000023942	.951562	1.58904799	2.982077
0001193125-25-293305	911427	C000023944	.853472	1.524875	2.896717
0001193125-25-293305	911428	C000023945	.89993	1.596794	2.939473
0001193125-25-293318	911572	C000026303	.40980299	1.778369	2.89495999
0001193125-25-293318	911577	C000026309	.40301	1.797632	2.90115199
0001193125-25-293318	911583	C000068573	.48579199	1.858252	2.99563899
0001193125-25-293318	911587	C000180004	.49912999	1.880045	2.98914399
0001193125-25-293287	911551	C000164476	-.645511	1.62479599	.63685499
0001410368-25-019349	906707	C000054893	.67	.15	.92
0002071691-25-006501	911994	C000018329	.0394374	2.9593812	.855648
0001099263-25-003601	915724	C000005454	3.32	.64	4.53
0001099263-25-003601	915726	C000159680	3.36	.67	4.56
0001099263-25-003640	915853	C000005516	-.26	3.09	.76
0001099263-25-003640	915854	C000159681	-.23	3.11	.78
0001410368-25-022019	908870	C000218401	-.38	1.34	1.15
0001410368-25-022019	908873	C000003066	-.39	1.33	1.14
0000052848-25-000256	905751	C000012229	4.09605	-3.25645	3.95337
0001021882-25-000208	905866	C000080852	.93609	.12696	1.08318
0001193125-25-251548	904686	C000024012	6.39509999	2.417245	1.034027
0000036405-25-000241	913948	C000007790	2.32672	1.92795	3.74970562
0001410368-25-017052	903481	C000002264	2.23	-.74	3.7
0001410368-25-017052	903484	C000002260	2.31	-.64	3.77
0001193125-25-293282	911376	C000025054	1.777547	1.00243999	3.66844799
0001193125-25-293282	911384	C000068558	1.810304	1.014292	3.68157799
0001193125-25-293324	911747	C000026254	-.29144599	3.23488399	.76809599
0001193125-25-293324	911750	C000026258	-.30858999	3.1946	.75176
0001193125-25-293324	911755	C000077882	-.277712	3.22018999	.78691
0001193125-25-293324	911757	C000164808	-.3004	3.23014	.75901099
0001193125-25-293324	911762	C000224600	-.273345	3.22373499	.77259499
0001021882-25-000198	905847	C000092014	6.37064	3.77151	1.1115
0000752177-25-000257	913971	C000007072	.21898	1.60233	1.56598045
0001193125-25-251567	904904	C000148456	6.855308	1.9342	1.697164
0001193125-25-251567	904906	C000180003	6.921971	2.002108	1.76576799
0001193125-25-251567	904910	C000224556	6.921272	1.98608	1.77291499
0001193125-25-251567	904890	C000025064	6.90931999	1.97919499	1.730512
0001193125-25-252339	905151	C000122671	3.07	.81	2.87
0000923202-25-000082	913939	C000135477	-1.70791	4.64539	2.86604043
0000794105-25-000140	913961	C000105310	-.05815	1.11417	.22585582
0000836906-25-000266	914146	C000118817	.32038	1.27745	-.04887662
0001193125-25-293319	911623	C000026340	-1.44739	3.78367999	3.74615
0000794105-25-000138	914017	C000081425	-.28718	1.16741	1.04787104
0001193125-25-293283	911469	C000026214	2.03239199	1.91714899	2.310047
0001193125-25-293283	911473	C000026218	2.02899199	1.924565	2.307315
0001193125-25-293283	911482	C000077857	2.052002	1.94333699	2.3376
0001410368-25-017036	903375	C000006930	3.01	-1.01	2.79
0001410368-25-017036	903381	C000006925	3.08	-.93	2.91
0000035402-25-002272	915695	C000021007	3.03	.83	2.78
0000035402-25-001446	906396	C000150510	1.75	-.15	1.22
0000940400-25-010641	915717	C000012041	3.41	.81	5.28
0001099263-25-001808	906049	C000005494	2.82	.45	2.18
0001099263-25-001808	906050	C000005495	2.79	.41	2.14
0000035402-25-001335	906166	C000013936	8.76	4.97	.83
0000035402-25-001335	906168	C000013939	8.74	4.94	.81
0001099263-25-003615	916309	C000166317	2.34	.42	1.24
0000777535-25-000040	917787	C000154481	3.53014	.694577	4.160558
0001410368-25-032026	917888	C000047963	.36	.38	.33
0001410368-25-032147	918044	C000011979	2.24	2.02	3.65
0002071691-25-007667	918663	C000202266	.187434	1.208535	.872146
0000035402-25-001440	906393	C000103359	5.12	2.28	2.27
0002071691-25-007832	920520	C000006994	-2.49	1.96	2.23
0001410368-25-032903	922762	C000018458	.24	1.79	.92
0001410368-25-032903	922765	C000158207	.25	1.65	1.07
0001410368-25-032903	922761	C000158205	.22	1.76	1.04
0001410368-25-032903	922770	C000052178	.19	1.73	.87
0001410368-25-032903	922771	C000018454	.22	1.76	.9
0001193125-25-334090	930777	C000042399	1.86998199	1.83650599	.92768
0001193125-25-334090	930779	C000042401	1.76231199	1.78695999	.90332699
0001193125-25-334090	930780	C000042402	1.78947799	1.810176	.94093
0001193125-25-334090	930781	C000042403	1.819766	1.83971199	.980456
0001193125-25-334090	930784	C000135750	1.75679	1.77911899	.90057599
0001193125-25-334090	930787	C000148407	1.74898999	1.82657599	.897359
0001193125-25-334090	930789	C000179960	1.810176	1.882348	.97594499
0001193125-25-334094	930791	C000042405	1.87955	2.03239799	1.111698
0001193125-25-334094	930800	C000135756	1.876391	2.07915699	1.110875
0001193125-25-334094	930801	C000148408	1.82774599	1.98919099	1.09342599
0001193125-25-334093	930817	C000179962	1.936415	2.502625	1.55726
0001193125-25-334093	930818	C000189465	1.938536	2.50781399	1.559808
0001193125-25-334095	930839	C000082214	1.999689	2.7368	1.875815
0001193125-25-334095	930842	C000135770	1.950375	2.679416	1.82825
0001193125-25-334095	930843	C000135771	2.01152599	2.75404399	1.88718899
0001193125-25-334095	930847	C000179965	2.05605999	2.785091	1.89440799
0001193125-25-301809	921832	C000077671	3.86	-.16	3.84
0001193125-25-301809	921836	C000177053	3.8	-.22	3.77
0002071691-25-009312	926252	C000015222	3.089964	1.671088	1.037958
0002071691-25-009312	926253	C000118172	3.131749	1.727749	1.109042
0001084380-25-000525	932558	C000033988	1.763668	3.401213	2.116069
0001532203-25-000066	928220	C000109500	.01421	.61546286	1.02532928
0001193125-25-334091	931036	C000078488	1.88404	1.611198	.70479999
0001410368-25-042035	927426	C000028341	.76	2.84	1.83
0001193125-25-301782	921661	C000077650	1.32	1.18	2.33
0001410368-25-039936	924534	C000001973	-.22	3.16	4.05
0001410368-25-039936	924536	C000001975	-.25	3.13	4.02
0001410368-25-039936	924537	C000166746	-.22	3.16	4.05
0001193125-25-334199	931261	C000025720	2.12567	1.832995	.153023
0001193125-25-334199	931265	C000025724	2.233001	1.921004	.224228
0001193125-25-334199	931268	C000025728	2.20949	1.89195799	.212992
0001193125-25-334199	931275	C000164825	2.22212	1.911974	.21075999
0001193125-25-334199	931277	C000189454	2.213594	1.906424	.237008
0001193125-25-334199	931278	C000189455	2.233376	1.91981599	.222074
0001193125-25-334202	931236	C000024452	1.64799199	2.28351499	-.338176
0001193125-25-334202	931239	C000024456	1.60937399	2.24603799	-.357331
0001193125-25-334202	931242	C000024460	1.613624	2.24409799	-.372016
0001193125-25-334214	931455	C000023986	2.619258	1.285525	-.58782699
0001193125-25-334214	931456	C000023987	2.6057	1.295278	-.59113999
0001193125-25-334214	931460	C000023992	2.608544	1.30426599	-.592167
0001193125-25-334214	931467	C000077898	2.708644	1.392956	-.50974
0002071691-25-007741	919684	C000093777	2.621522	.534518	5.928697
0002071691-25-007741	919687	C000070644	2.556323	.457902	5.873907
0001193125-25-334203	931290	C000024463	2.617566	1.51304	.040941
0001193125-25-334203	931301	C000024476	2.62508	1.533746	.03932
0001193125-25-334203	931307	C000189418	2.635799	1.53774399	.04727099
0001193125-25-334203	931308	C000189419	2.630528	1.535751	.053585
0001410368-25-043395	931547	C000119716	4.17	3.68	1.53
0000857489-25-000151	928261	C000105302	4.13843	3.73371292	1.66591625
0001193125-25-334098	930874	C000164846	2.01393999	2.64753099	1.718505
0001193125-25-334098	930875	C000179963	2.042687	2.670459	1.706902
0001532203-25-000068	928331	C000217896	.10314	.54433221	.99664429
0001193125-25-334932	931780	C000017061	1.270619705751	4.490424829408	4.929429113124
0001193125-25-334932	931787	C000214991	1.364008365918	4.593164080022	5.03473711296
0001410368-25-043401	931790	C000121569	3.17	3.7	-2.05
0000857489-25-000149	928228	C000015900	2.97845	5.68755738	1.40391927
0000857489-25-000149	928230	C000015901	2.98507	5.72222689	1.40721196
0001193125-25-334200	931438	C000077878	3.01617799	4.27408999	2.918704
0001193125-25-334200	931444	C000224597	3.01248	4.2629	2.912054
0001099263-25-004484	919603	C000200437	.452631	1.309425	.570024
0002071691-25-010101	932205	C000030896	3.385526	3.648822	-.522155
0000736054-25-000149	928237	C000094036	4.17715	3.63972714	1.5196606
0000736054-25-000149	928242	C000094037	4.16213	3.63179327	1.51937199
0001084380-25-000533	932620	C000162545	2.53884	2.402069	.902201
0001193125-25-334097	931081	C000042423	1.994112	2.676577	1.738666
0001193125-25-334097	931084	C000042426	1.938642	2.67884	1.68460799
0001193125-25-334097	931088	C000135766	1.969297	2.589102	1.669044
0001193125-25-334136	931217	C000189483	1.91708	1.94124799	1.464584
0001099263-25-004447	919292	C000113894	.353673	.419653	.35745
0000106444-25-000232	928159	C000007109	1.06853	.48634052	.29177551
0000106444-25-000232	928160	C000007107	1.05758	.47565768	.28071837
0000734383-25-000145	928280	C000008010	3.40871	.17179791	-2.56494574
0002071691-25-007797	919891	C000173562	.311837	3.669991	1.32046
0002071691-25-007782	919964	C000173554	3.506622	1.340332	3.477252
0002071691-25-007782	919965	C000003854	3.477652	1.306947	3.462271
0001410368-25-041185	925951		3.41	1.99	2.58
0000913181-25-000365	923317	C000136527	-.17527	1.320775	1.096247
0000225997-25-000213	928314	C000153131	.7964	2.43580562	1.12769153
0002071691-25-009449	926558	C000141927	1.181002	1.073563	.661746
0001193125-25-293300	911523	C000025106	-.350224	1.324301	.86877499
0001193125-25-293300	911525	C000025109	-.368272	1.30607699	.85159999
0001193125-25-251553	904722	C000026237	8.24388999	.89356	2.04564
0001193125-25-251553	904735	C000164821	8.33224999	.97316	2.10673
0001193125-25-251558	904815	C000024490	5.287389	-.044484	2.385616
0000036405-25-000243	914001	C000170275	.93953		
0000036405-25-000240	914024	C000007804	1.73846	5.21196	.39785467
0000035402-25-001351	906207	C000254531	4.17	1.66	1.6
0001193125-25-293559	912420	C000023930	.468368	1.5539	2.564336
0001193125-25-293564	912469	C000023928	2.75174	1.261934	2.750448
0000036405-25-000238	914752	C000007773	2.22808	2.01725	3.63733327
0001193125-25-293563	912442	C000023917	2.231665	1.22003	3.896534
0001193125-25-293563	912443	C000023918	2.232332	1.224412	3.902639
0001410368-25-017902	904243	C000037544	1.77	-.39	1.59
0000035402-25-001483	906455	C000199108	5.07	2.31	2.22
0001193125-25-251557	904852	C000025150	1.20541999	-.37155299	1.36440799
0001193125-25-251557	904857	C000025157	1.14181	-.51991499	1.379141
0002071691-25-003685	905046	C000006437	6.79	3.62	-.77
0001378872-25-000392	908275	C000221604	6.337584	2.400571	.9124
0001193125-25-293305	911433	C000068555	.92721499	1.620806	2.97387799
0001193125-25-293305	911434	C000077860	.95384	1.621115	2.968265
0001193125-25-293305	911439	C000189522	.954889	1.59281	2.98831399
0001193125-25-293318	911588	C000189490	.48738699	1.866398	2.98751
0001193125-25-293287	911545	C000164468	-.644825	1.729628	.626304
0001193125-25-293287	911547	C000164471	-.645511	1.62479599	.58168999
0000035402-25-001403	906326	C000019557	4.15	1.97	1.08
0002071691-25-006501	911991	C000128787	.468896	2.9846282	.8715149
0002071691-25-006501	911993	C000018332	-.0016396	2.8571516	.7968192
0000894189-25-015336	916396	C000002163	-.15	1.15	1.13
0000777535-25-000037	916954	C000154478	1.222535	1.727163	3.507201
0001099263-25-003630	915713	C000005426	3.58	.6	3.48
0002071691-25-004164	907705	C000009618	1.519049	-.412532	1.226441
0002071691-25-004164	907706	C000009615	1.505043	-.248381	1.310233
0001193125-25-251548	904680	C000024005	6.31715	2.3531	.99989899
0001193125-25-251548	904684	C000024010	6.32620099	2.3414	.990175
0001193125-25-251548	904685	C000024011	6.384818	2.4289	1.027834
0001193125-25-251548	904692	C000148384	6.33200899	2.39417	1.01019
0001193125-25-251548	904695	C000189472	6.383888	2.45106	1.054262
0002071691-25-007650	918541	C000202278	.53173	1.084799	.79356
0000036405-25-000241	913945	C000007787	2.3163	1.91623	3.73789843
0000035402-25-001373	906304	C000064242	7.32	5.04	1.42
0001410368-25-017052	903480	C000002259	2.29	-.68	3.75
0001193125-25-293282	911391	C000224623	1.81361199	1.016039	3.690368
0001193125-25-293324	911743	C000026250	-.36322099	3.13524899	.685118
0001193125-25-293324	911744	C000026251	-.36045999	3.121847	.68335599
0001193125-25-293324	911751	C000026260	-.36551999	3.119245	.68105099
0001193125-25-293324	911754	C000068590	-.298041	3.224959	.76705999
0000052848-25-000265	905795	C000012226	9.36669	4.12726	.91665
0000052848-25-000265	905796	C000012227	9.36694	4.12858	.91553
0000052848-25-000312	913994	C000055216	3.88848	.90945	4.91698534
0000752177-25-000253	913864	C000007070	.75762	3.7654	5.66889632
0000794105-25-000137	913884	C000007058	-.22873	1.50463	.71691129
0000036405-25-000236	913918	C000007794	2.01786	1.54035	1.60866549
0001193125-25-251567	904892	C000025066	6.828304	1.902113	1.67607999
0001193125-25-251567	904896	C000025071	6.843055	1.909073	1.66587199
0001193125-25-251567	904897	C000025072	6.89132999	1.981768	1.720025
0000923202-25-000082	913940	C000135478	-1.69133	4.6595	2.85549835
0000036405-25-000235	913954	C000170276	2.28162	2.28104	3.46880854
0000862084-25-000081	914127	C000007826	2.24262	2.02471	3.64955423
0001193125-25-293319	911619	C000026335	-1.48483	3.74564199	3.69216799
0001193125-25-293319	911624	C000026341	-1.412538	3.818627	3.78948799
0001193125-25-293319	911632	C000221169	-1.403408	3.832586	3.783833
0002071691-25-006423	911723	C000018323	3.100631	.9681365	4.9277888
0002071691-25-006423	911724	C000018321	3.1657175	1.0342592	4.9880954
0000794105-25-000138	914016	C000046844	-.23787	1.17883	1.05125987
0001193125-25-293283	911472	C000026217	1.99399	1.89697199	2.264448
0001193125-25-293283	911474	C000026219	2.06451199	1.93271599	2.326196
0001193125-25-293283	911486	C000189430	2.052002	1.92776599	2.3376
0001193125-25-293283	911489	C000224626	2.052002	1.92776599	2.34428
0000894189-25-015338	916407	C000002165	-.12	1.14	1.12
0000894189-25-015338	916408	C000002166	-.13	1.15	1.04
0001410368-25-017036	903373	C000006931	3.07	-.93	2.93
0001410368-25-017270	903683	C000079980	6.05	3.42	1.03
0000035402-25-002155	915336	C000013196	.59	2.07	2.89
0000940400-25-010634	915592	C000052631	-.2	1.51	1.2
0000035402-25-002272	915694	C000021005	3.04	.83	2.8
0001099263-25-003622	915697	C000005457	2.23	2.01	3.64
0000035402-25-002202	915507	C000254566	2.31	-.82	1.2
0000035402-25-002202	915508	C000254568	2.25	-.88	1.08
0000752177-25-000254	913848	C000034440	.70138	2.51161	2.90302656
0000752177-25-000265	914004	C000091317	.867	2.85436	3.31125827
0001193125-25-296899	915977	C000086126	-.37	1.57	.86
0001099263-25-003615	916307	C000005427	2.36	.4	1.22
0002071691-25-007667	918664	C000202267	.194641	1.111817	.87988
0002071691-25-007832	920519	C000238581	-2.5	1.92	2.21
0001410368-25-032903	922766	C000052177	.23	1.63	1.05
0001410368-25-032903	922768	C000188230	.25	1.65	1.07
0000910472-25-005072	922880	C000163769	1.4	-.18	.66
0000910472-25-005072	922881	C000163771	1.44	-.15	.66
0001193125-25-334093	930806	C000042412	1.91180599	2.36875299	1.483925
0001193125-25-334095	930835	C000082210	2.029772	2.765948	1.87149
0001193125-25-334095	930836	C000082211	1.967556	2.69952699	1.80846199
0001193125-25-301809	921829	C000028926	3.85	-.18	3.82
0002071691-25-009312	926251	C000015220	3.055326	1.629274	.995999
0002071691-25-009312	926255	C000118171	3.130904	1.727297	1.084077
0002071691-25-007840	920611	C000037860	.095661	3.274063	1.814216
0002071691-25-007840	920612	C000017763	.096244	3.226338	1.81212
0000857489-25-000147	928202	C000065039	2.94284	3.52290248	1.89349532
0001193125-25-334091	931037	C000135746	1.75868	1.54255999	.60745
0001410368-25-040430	925479	C000002729	2.52	4.91	2.72
0001099263-25-004419	919206	C000026517	-.055323	.453709	.431973
0001099263-25-004472	919517	C000200465	-.073904	1.661075	.218916
0001099263-25-004485	919899	C000046103	.118477	1.610065	.762581
0001099263-25-004485	919900	C000046098	.106035	1.597577	.750046
0001099263-25-004485	919903	C000200460	.126834	1.618453	.770876
0001193125-25-301782	921662	C000077651	1.25	1.13	2.26
0001410368-25-038298	923998	C000175541	2.7	.4	-.58
0001193125-25-334199	931271	C000025732	2.2202	1.908206	.212736
0001193125-25-334202	931241	C000024458	1.686077	2.29516999	-.3088
0001193125-25-334202	931245	C000068556	1.699262	2.32604	-.28603
0001193125-25-334202	931246	C000077851	1.71175	2.32092799	-.270496
0001193125-25-334202	931247	C000148452	1.637825	2.25659999	-.338909
0001193125-25-334202	931253	C000190067	1.694162	2.31529	-.29118799
0001193125-25-334214	931454	C000023985	2.67427699	1.356059	-.510601
0001193125-25-334214	931462	C000023994	2.683322	1.355284	-.511348
0001193125-25-334214	931466	C000068581	2.676161	1.405967	-.51157599
0001193125-25-334214	931471	C000189427	2.67427699	1.40825199	-.510601
0001193125-25-334214	931472	C000189428	2.67427699	1.38232	-.472339
0002071691-25-007738	919559	C000235594	2.199457	1.886246	4.15665
0002071691-25-007741	919685	C000076449	2.610728	.520235	5.931788
0000035402-25-002966	929135	C000064268	1.3	5.78	5.34
0000035402-25-002966	929139	C000254553	1.29	5.77	5.29
0001193125-25-334203	931304	C000148440	2.565552	1.489332	-.01043
0001193125-25-334203	931305	C000164810	2.63749999	1.52852	.048556
0000857489-25-000151	928260	C000043572	4.1372	3.72044028	1.693729
0001193125-25-334098	930863	C000042417	2.00819599	2.638076	1.6736
0001193125-25-334098	930865	C000042419	1.9498	2.56460199	1.611227
0001193125-25-334098	930872	C000135764	2.004448	2.67553599	1.711066
0001193125-25-334932	931783	C000017064	1.243192043571	4.479008303122	4.902619207522
0000225997-25-000205	928210	C000007955	.6198	.62341345	.16924132
0001193125-25-334200	931426	C000026376	2.931749	4.17362	2.832235
0001193125-25-334200	931439	C000148355	2.94805	4.209392	2.85027999
0001193125-25-334200	931443	C000189489	3.01027599	4.253968	2.90616799
0001099263-25-004413	919243	C000026647	-.274896	1.457116	1.189155
0001099263-25-004413	919244	C000064155	-.191275	1.544695	1.268576
0001099263-25-004484	919599	C000026513	.431824	1.288495	.549272
0000736054-25-000149	928238	C000094039	4.1831	3.64163062	1.51294549
0001193125-25-334097	931094	C000189467	2.03061499	2.66851999	1.773618
0001193125-25-334136	931199	C000096495	1.88815999	1.92734399	1.46293
0001193125-25-334136	931204	C000096500	1.88815999	1.923238	1.43857499
0000106444-25-000232	928161	C000007108	1.06697	.48471898	.29007791
0000734383-25-000145	928281	C000008011	3.44336	.16845898	-2.55302738
0002071691-25-007797	919888	C000098140	.277421	3.60775	1.277089
0002071691-25-007797	919889	C000173561	.298599	3.652302	1.291508
0002071691-25-007782	919966	C000007566	3.444009	1.228812	3.445661
0000940400-25-014474	928384	C000095380	1.4	1.05	.63
0000035402-25-002869	928776	C000254554	.94	5.13	3.66
0000913181-25-000365	923315	C000136529	-.150991	1.34528	1.118578
0001410368-25-041987	927374	C000016166	2.05	3.6	2.37
0001193125-25-293300	911515	C000025097	-.347968	1.326579	.871065
0001193125-25-293300	911526	C000025110	-.338944	1.339108	.88366
0002071691-25-006469	911925	C000018534	1.4581861	2.0231448	1.1284712
0002071691-25-006469	911927	C000018532	1.5259776	2.087051	1.1914422
0001003715-25-001332	913593	C000152649	1.74	.8	2.61
0001193125-25-251553	904725	C000026240	8.351376	.982448	2.12216
0001193125-25-251558	904808	C000024481	5.25105	-.05905599	2.38255999
0001193125-25-251558	904813	C000024488	5.19154199	-.11518399	2.307128
0000036405-25-000237	913903	C000007799	1.99075	3.79045	1.68264249
0000036405-25-000237	913904	C000007800	2.01385	3.78474	1.70058235
0000036405-25-000237	913906	C000105304	2.00308	3.79658	1.69979521
0000036405-25-000239	913934	C000105306	2.4183	-.71793	1.7006623
0000036405-25-000243	913998	C000007781	2.54342	4.08054	2.04183396
0000036405-25-000240	914023	C000007803	1.75101	5.20462	.40819384
0001004726-25-002059	914088	C000012076	3.76	1.1	5.29
0000035402-25-001351	906210	C000254530	4.08	1.56	1.5
0001193125-25-293559	912421	C000023931	.498638	1.526018	2.59274599
0001193125-25-293564	912467	C000023926	2.77473799	1.260942	2.77292599
0000035402-25-002118	914318	C000182865	3.26	.33	2.76
0000035402-25-002136	914377	C000016601	3.17	.25	2.61
0000862084-25-000080	914672	C000007829	2.29251	2.27896	3.47693944
0000036405-25-000238	914755	C000170274	2.23664	2.02984	3.64948414
0000036405-25-000234	913902	C000007778	.17539	3.44516	2.32966105
0000794105-25-000143	914774	C000075027	-.29589	1.17885	1.05642308
0000777535-25-000042	917873	C000154473	.914559	1.936329	3.357734
0001193125-25-251557	904867	C000224561	1.145824	-.35014999	1.46573799
0001410368-25-031990	917834	C000017598	-3.26	5.37	1.78
0002071691-25-003685	905045	C000006441	6.74	3.57	-.8
0001193125-25-293305	911430	C000023948	.846766	1.54194599	2.88093999
0001193125-25-293305	911431	C000023949	.90086699	1.57165699	2.9182
0001193125-25-293318	911570	C000026302	.474641	1.85208299	2.971412
0001193125-25-293318	911578	C000026310	.477256	1.83871999	2.96395999
0001193125-25-293318	911581	C000026314	.4457	1.82709599	2.93778799
0001193125-25-293287	911546	C000164470	-.648748	1.523462	.569413
0001410368-25-019349	906712	C000188238	.72	.2	.97
0001099263-25-003640	915852	C000005515	-.23	3.09	.78
0001410368-25-022019	908872	C000102908	-.3	1.31	1.1
0001410368-25-022019	908874	C000058170	-.4	1.31	1.13
0001193125-25-251548	904682	C000024007	6.35864599	2.4289	1.050215
0001193125-25-251548	904691	C000076711	6.410689	2.44384799	1.07484799
0001193125-25-251548	904694	C000179992	6.41874199	2.43628	1.09142
0001193125-25-251548	904696	C000189473	6.397152	2.448476	1.07198
0001410368-25-017267	903680	C000105320	2.11	0	5.44
0002071691-25-007618	918483	C000012047	2.276424	2.267599	3.442556
0002071691-25-007646	918563	C000012068	1.83956	2.497564	.883211
0000036405-25-000241	913946	C000007788	2.32445	1.92582	3.7527182
0000035402-25-001373	906303	C000019448	7.29	5.05	1.41
0001193125-25-293282	911372	C000025050	1.798169	.995824	3.676924
0001193125-25-293282	911375	C000025053	1.756084	.97786999	3.63506399
0001193125-25-293282	911380	C000025059	1.79503999	.99989899	3.662437
0001193125-25-293282	911381	C000025061	1.71931999	.94246399	3.594536
0001193125-25-293282	911383	C000025063	1.803143	1.01377499	3.67615999
0001193125-25-293282	911386	C000148457	1.751432	.95402799	3.623872
0001193125-25-293324	911742	C000026249	-.30561	3.1974	.73961499
0001193125-25-293324	911753	C000026262	-.301058	3.20803699	.76093999
0000826473-25-000044	914810	C000007084	.2252	4.27991	1.11022342
0000794105-25-000137	913885	C000024520	-.22721	1.50633	.71843382
0000794105-25-000137	913886	C000046841	-.23572	1.53044	.70521772
0000752177-25-000261	913914	C000007076	.61538	2.3318	2.72693313
0000036405-25-000236	913919	C000096111	2.01678	1.54365	1.60875951
0000836906-25-000263	913943	C000157008	-.07281	1.27848	.60129809
0001193125-25-251567	904908	C000189487	6.919604	1.99677	1.756096
0000752177-25-000259	913907	C000007075	.44865	1.98511	2.18978102
0000794105-25-000140	913958	C000007060	-.06756	1.10475	.21674037
0001004726-25-002043	914119	C000012077	2.21	2.1	3.46
0000862084-25-000081	914126	C000007825	2.2406	2.02471	3.64779626
0000889519-25-000042	914066	C000007056	1.30417	1.86175	2.52524095
0000836906-25-000266	914144	C000118815	.31351	1.30052	-.03950227
0000836906-25-000266	914145	C000118816	.31974	1.2749	-.05704169
0001193125-25-293319	911617	C000026332	-1.440585	3.820105	3.76133999
0000794105-25-000138	914018	C000170279	-.28629	1.16826	1.04867622
0001193125-25-293283	911470	C000026215	1.97936	1.84551199	2.242889
0001193125-25-293283	911471	C000026216	1.955952	1.85721	2.234744
0001193125-25-293283	911477	C000026223	2.038454	1.90366699	2.31143299
0001410368-25-017036	903377	C000006936	3.06	-.95	2.85
0001410368-25-017036	903380	C000006924	3.07	-.94	2.86
0000940400-25-010616	915541	C000012042	.87	3.43	1.75
0000940400-25-010634	915593	C000011391	-.25	1.46	1.05
0000035402-25-002202	915506	C000019441	2.36	-.81	1.19
0000035402-25-001446	906399	C000019277	1.74	-.16	1.21
0000035402-25-001446	906400	C000019272	1.63	-.15	1.21
0000036405-25-000245	914054	C000034430	1.70254	3.31819	1.5191001
0000052848-25-000264	905784	C000012210	6.94655	3.27996	.30008
0000035402-25-001335	906169	C000013940	8.78	4.99	.85
0000035402-25-001335	906170	C000130147	8.79	4.99	.86
0001193125-25-296899	915979	C000213584	-.37	1.57	.86
0001410368-25-032147	918041	C000212062	2.25	2.03	3.65
0002071691-25-007634	918484	C000012040	2.239205	2.025583	3.65041
0002071691-25-007667	918662	C000202265	.103296	1.020655	.791311
0000035402-25-001416	906323	C000211071	1.56	-.22	1.11
0000035402-25-001441	906379	C000211233	5.15	2.27	2.27
0000035402-25-001477	906450	C000204787	6.34	1.68	2.7
0000910472-25-005072	922879	C000163770	1.36	-.24	.58
0001193125-25-334090	930782	C000042404	1.8461	1.812545	1.018635
0001193125-25-334090	930786	C000135752	1.870033	1.834596	.977773
0001193125-25-334094	930794	C000042408	1.85976799	1.969813	1.130141
0001193125-25-334093	930808	C000042414	1.92813899	2.42035999	1.502665
0001193125-25-334093	930812	C000135758	1.864655	2.409785	1.437944
0001193125-25-334095	930845	C000148412	1.97348	2.727908	1.8165
0001193125-25-334095	930848	C000189468	2.02307	2.791625	1.89788
0001193125-25-301809	921831	C000077670	3.78	-.26	3.75
0001084380-25-000525	932559	C000033987	1.76952	3.412301	2.12274
0001084380-25-000525	932562	C000202742	1.77289	3.439911	2.131741
0001193125-25-334091	931039	C000135748	1.83905	1.62375199	.71110699
0001193125-25-334091	931041	C000164842	1.84264999	1.62909	.711859
0001410368-25-042035	927427	C000028342	.86	2.92	1.93
0001099263-25-004419	919208	C000026520	-.131566	.374527	.360309
0001099263-25-004419	919210	C000200438	-.047013	.462541	.439981
0001099263-25-004485	919901	C000046099	.04364	1.535135	.687465
0001193125-25-301782	921666	C000083512	1.31	1.21	2.32
0001410368-25-038298	923999	C000175542	2.61	.37	-.64
0001410368-25-038298	924002	C000175545	2.66	.41	-.59
0001193125-25-334199	931260	C000025719	2.215905	1.89179	.21166399
0001193125-25-334199	931262	C000025721	2.143174	1.81314599	.15387199
0001193125-25-334199	931263	C000025722	2.182718	1.86892799	.165327
0001193125-25-334199	931264	C000025723	2.20599499	1.89286299	.21099
0001193125-25-334199	931270	C000025731	2.18592799	1.873265	.18324999
0001193125-25-334199	931273	C000077924	2.242889	1.910612	.239278
0001193125-25-334202	931235	C000024451	1.60840499	2.2511	-.374428
0001193125-25-334202	931240	C000024457	1.687936	2.29391	-.30462499
0001193125-25-334202	931248	C000164809	1.69874399	2.323008	-.286775
0001193125-25-334214	931458	C000023989	2.68	1.33616	-.511904
0001193125-25-334214	931461	C000023993	2.683581	1.345636	-.512472
0001193125-25-334214	931463	C000023996	2.573576	1.304111	-.58497
0001193125-25-334214	931464	C000023997	2.654816	1.33532	-.55095999
0002071691-25-007741	919688	C000010797	2.59156	.516826	5.906969
0000035402-25-002966	929137	C000254549	1.29	5.77	5.34
0000035402-25-002966	929138	C000019679	1.25	5.76	5.37
0001193125-25-334203	931294	C000024467	2.617424	1.518976	.02671199
0001193125-25-334203	931295	C000024468	2.64644799	1.533787	.063064
0001193125-25-334203	931296	C000024470	2.549678	1.46351599	-.03487
0001193125-25-334203	931299	C000024474	2.54711999	1.45382399	-.023666
0001193125-25-334203	931306	C000180006	2.64363199	1.543652	.066242
0000734383-25-000143	928184	C000031350	2.45253	2.73508681	.51885481
0000107606-25-000043	928192	C000012180	3.46072	2.27785758	.78250401
0001193125-25-334098	930871	C000135763	2.024801	2.62039199	1.68742999
0001193125-25-334932	931779	C000017060	1.289134438306	4.525252525253	4.947816003092
0001193125-25-334932	931781	C000017062	1.303805962995	4.532980032176	4.97917798298
0000857489-25-000149	928229	C000096106	2.97795	5.72817882	1.40994007
0001193125-25-334200	931431	C000026382	2.91727999	4.16850799	2.828512
0001193125-25-334200	931432	C000026383	3.002832	4.226825	2.891558
0001099263-25-004413	919242	C000026645	-.211543	1.523463	1.249317
0001099263-25-004484	919604	C000026511	.465116	1.321909	.582524
0002071691-25-007774	919717	C000218810	.065528	1.819706	.615416
0002071691-25-010101	932202	C000030894	-.769679	-.535105	-4.48345
0000736054-25-000149	928241	C000008020	4.18753	3.62342675	1.52477763
0001084380-25-000533	932619	C000014626	2.498107	2.437223	.937274
0001193125-25-334097	931092	C000164847	2.04173199	2.682079	1.743081
0001193125-25-334136	931203	C000096499	1.86761899	1.90523899	1.414172
0001193125-25-334136	931211	C000096509	1.819029	1.871315	1.36741999
0001193125-25-334136	931212	C000096510	1.865528	1.88499999	1.43801
0001209466-25-000763	932927	C000197628	2.711144	1.0988	-.928576
0000734383-25-000145	928278	C000032424	3.44402	.1650668	-2.55793616
0002071691-25-007782	919959	C000093771	3.515495	1.32893	3.547836
0002071691-25-007782	919962	C000007404	3.499897	1.337774	3.471113
0000940400-25-014474	928380	C000012434	1.37	1.02	.69
0000940400-25-014474	928383	C000057394	1.34	1	.58
0000857489-25-000152	928233	C000015905	3.92449	2.27649618	.25773195
0000035402-25-002869	928775	C000019693	1.03	5.23	3.75
0000035402-25-002869	928777	C000254555	.98	5.18	3.7
0000035402-25-002972	929236	C000103368	2.5	.9	-.83
0000913181-25-000365	923314	C000136528	-.28023	1.297275	1.036113
0000913181-25-000365	923316	C000155971	-.175425	1.364336	1.096871
0001193125-25-293300	911517	C000025099	-.41000799	1.262795	.81037999
0001193125-25-293300	911518	C000025100	-.372784	1.30152099	.84702
0001193125-25-293300	911533	C000189458	-.315256	1.34822	.88824
0001193125-25-293300	911535	C000224620	-.32315199	1.351637	.89511
0001003715-25-001032	908521	C000102327	2.22	-.18	.59
0001003715-25-001032	908522	C000002471	2.2	-.2	.57
0000035402-25-001478	906458	C000089632	1.69	-.18	1.35
0001193125-25-251553	904726	C000026242	8.265036	.891284	2.02204999
0001193125-25-251553	904730	C000026247	8.29805299	.92715799	2.07235999
0001193125-25-251558	904809	C000024482	5.294314	-.02661599	2.406263
0001193125-25-251558	904812	C000024486	5.25836	-.05857599	2.38634
0001193125-25-251558	904816	C000068579	5.28652699	-.03886599	2.405672
0001193125-25-251558	904821	C000189629	5.29731199	-.039616	2.410175
0001021882-25-000207	905858	C000080854	1.9056	.19397	1.30761
0000035402-25-001475	906464	C000089635	2.66	-1.82	3.71
0001193125-25-293559	912422	C000121512	.434608	1.531045	2.55393499
0001193125-25-293559	912423	C000176244	.50299999	1.53968	2.57633199
0000035402-25-002187	914595	C000079287	.67	2.55	3.24
0000035402-25-002187	914596	C000220389	.67	2.55	3.25
0000036405-25-000238	914754	C000092055	2.23861	2.02606	3.64725867
0001193125-25-251557	904853	C000025151	1.229512	-.347632	1.469557
0001193125-25-251557	904856	C000025155	1.201616	-.37533	1.361864
0002071691-25-003685	905041	C000006442	6.77	3.59	-.79
0000035402-25-002150	914459	C000013195	.43	2.02	2.65
0000035402-25-002146	914694	C000182211	.8	2.31	3.28
0001193125-25-293305	911438	C000189521	.92526499	1.619815	2.976368
0001193125-25-293318	911575	C000026306	.47038399	1.850548	2.97335599
0001193125-25-293318	911580	C000026313	.403652	1.79170999	2.89250399
0001193125-25-293318	911589	C000189491	.502996	1.86632299	2.98399999
0001193125-25-293287	911549	C000164473	-.645511	1.62479599	.63778999
0002071691-25-003731	905692	C000219740	.341547	.361531	.379632
0001410368-25-019349	906711	C000019992	.95	-.08	.95
0001410368-25-022019	908875	C000003065	-.38	1.34	1.15
0000052848-25-000256	905750	C000012228	4.07075	-3.26409	3.93196
0001410368-25-017888	904251	C000012092	1.54	-.25	1.18
0002071691-25-003733	905694	C000012088	1.581567	-.575823	1.615996
0001021882-25-000208	905867	C000080851	.93921	.10905	1.08784
0001021882-25-000208	905868	C000080850	.92541	.14047	1.0618
0000777535-25-000037	916955	C000234672	1.234541	1.73887	3.518028
0001410368-25-031937	917693	C000038337	-.77	4.27	2.44
0002071691-25-004164	907708	C000173234	1.482964	-.276528	1.286373
0002071691-25-004164	907709	C000173235	1.502277	-.254925	1.306253
0002071691-25-004164	907710	C000009616	1.482953	-.269262	1.28742
0001193125-25-251548	904679	C000024004	6.31086399	2.376841	.971695
0001193125-25-251548	904687	C000024014	6.323183	2.35684	.98421199
0001410368-25-031962	917829		2.24	2.02	3.63
0002071691-25-007652	918532	C000012074	1.713806	7.126605	3.121833
0002071691-25-007650	918540	C000202279	.727712	1.139976	.709025
0002071691-25-007650	918543	C000202275	.551359	1.103525	.812048
0001193125-25-293282	911373	C000025051	1.73153599	.936433	3.59075599
0001193125-25-293282	911378	C000025057	1.73041999	.93439999	3.60756299
0001193125-25-293282	911385	C000077853	1.82093499	1.024623	3.69561799
0001193125-25-293282	911390	C000189471	1.80872	1.031952	3.68685799
0001193125-25-293324	911748	C000026256	-.37736499	3.14009999	.68253999
0001021882-25-000198	905846	C000092013	6.37064	3.76889	1.11242
0000826473-25-000044	914809	C000007083	.22472	4.26009	1.10325819
0001193125-25-251567	904899	C000025075	6.83270799	1.90859599	1.66085
0001193125-25-251567	904907	C000189486	6.92644	1.985394	1.7544
0001193125-25-251567	904909	C000224555	6.928452	1.982375	1.75267999
0000036405-25-000235	913953	C000155407	2.27952	2.28153	3.46933184
0000036405-25-000242	913965	C000007796	1.85739	4.5977	.96328049
0000036405-25-000242	913968	C000096112	1.85739	4.59922	.96198032
0000794105-25-000140	913962	C000105311	-.05736	1.11501	.22664683
0001193125-25-293319	911622	C000026339	-1.503587	3.7439	3.70929799
0001193125-25-293319	911633	C000221170	-1.400877	3.8376	3.790115
0002071691-25-006423	911725	C000128785	3.1973712	1.0639582	5.0117404
0002071691-25-006423	911727	C000068977	3.1485899	1.008587	4.9705446
0000794105-25-000138	914015	C000007064	-.2876	1.16698	1.04725989
0001193125-25-293283	911475	C000026221	1.96688	1.852651	2.25081799
0001193125-25-293283	911476	C000026222	2.0416	1.90625	2.306828
0001193125-25-293283	911479	C000026226	2.018441	1.88482199	2.29
0001193125-25-293283	911480	C000026227	2.045021	1.929502	2.32903999
0001410368-25-017036	903376	C000006933	2.99	-1.03	2.81
0001410368-25-017036	903378	C000006935	3.05	-1	2.88
0001410368-25-017275	903686	C000079979	5.11	2.33	2
0001099263-25-003622	915698	C000159677	2.24	2.02	3.65
0000035402-25-002202	915510	C000064273	2.43	-.81	1.19
0001021882-25-000204	905825	C000080846	1.20938	-.42233	1.50598
0000036405-25-000245	914053	C000034429	1.69858	3.31005	1.50432296
0000105563-25-000099	905897	C000012163	4.02948	1.54833	1.56829
0000036405-25-000244	913981	C000007784	3.7572	.8455	4.71111232
0000036405-25-000244	913982	C000007785	3.75703	.84547	4.71337797
0000035402-25-001486	906503	C000201710	1.65	-.17	1.21
0001410368-25-032147	918040	C000201951	2.21	2	3.62
0001193125-25-299121	918290	C000030876	-.03	4.11	3.52
0001193125-25-299123	918331	C000235734	-1.15	4.13	.24
0000035402-25-001445	906375	C000069436	1.56	-.23	1.26
0001410368-25-032903	922764	C000052179	.2	1.6	1.02
0001410368-25-032903	922769	C000018456	.17	1.7	.85
0000910472-25-005072	922882	C000220411	1.34	-.24	.59
0001193125-25-334090	930778	C000042400	1.80236	1.77025599	.89651
0001193125-25-334090	930788	C000164843	1.821362	1.841344	.98161499
0001193125-25-334090	930790	C000189463	1.81269699	1.884935	.977096
0001193125-25-334094	930792	C000042406	1.797075	1.962476	1.0581
0001193125-25-334094	930793	C000042407	1.791169	1.954124	1.05484399
0001193125-25-334094	930799	C000135755	1.893566	2.00095999	1.12155599
0001193125-25-334094	930804	C000189464	1.922534	2.028272	1.15587899
0001193125-25-334093	930807	C000042413	1.87309	2.42141199	1.445211
0001193125-25-334093	930809	C000042415	1.94867399	2.47496	1.526445
0001193125-25-334093	930813	C000135759	1.91558099	2.49139999	1.492898
0001193125-25-334093	930814	C000135760	1.94235	2.51240299	1.521944
0001193125-25-334095	930840	C000082215	2.03798	2.79774599	1.91057999
0001193125-25-334095	930846	C000164848	2.03621	2.77327999	1.875815
0001193125-25-301809	921835	C000114872	3.87	-.16	3.84
0001084380-25-000525	932560	C000014611	1.796541	3.441429	2.111324
0002071691-25-007840	920613	C000141335	.096221	3.253245	1.816555
0001532203-25-000066	928219	C000109501	.06755	.5671414	1.02838317
0001193125-25-334091	931033	C000042396	1.737647	1.586645	.66055999
0001193125-25-334091	931034	C000042397	1.84099999	1.56632599	.71177599
0001410368-25-040405	925451	C000002744	4.36	1.19	.06
0001410368-25-042035	927428	C000028345	.86	2.91	1.92
0001099263-25-004419	919211	C000026522	-.089125	.41865	.400184
0001193125-25-301782	921660	C000028918	1.31	1.17	2.34
0001193125-25-301782	921663	C000077652	1.31	1.21	2.33
0001193125-25-301782	921665	C000077654	1.29	1.16	2.32
0001193125-25-301782	921667	C000114869	1.33	1.19	2.36
0001193125-25-334199	931279	C000221714	2.233376	1.906424	.237008
0001193125-25-334202	931233	C000024449	1.677529	2.310744	-.30620199
0001193125-25-334202	931238	C000024454	1.698565	2.34190399	-.290156
0001193125-25-334202	931244	C000024462	1.69709	2.31456799	-.28931199
0001193125-25-334202	931250	C000186124	1.696848	2.333394	-.28654
0001193125-25-334214	931468	C000148385	2.64600499	1.312792	-.54900799
0000035402-25-002966	929136	C000254550	1.17	5.68	5.25
0001193125-25-334203	931298	C000024472	2.60431999	1.514035	.021965
0001193125-25-334203	931310	C000224566	2.635799	1.55355	.04727099
0001193125-25-334098	930864	C000042418	1.94235	2.55571199	1.60538
0001193125-25-334098	930868	C000042422	2.02336099	2.68422999	1.6888
0001532203-25-000068	928330	C000217897	-.00612	.59053674	1.04824726
0001193125-25-334932	931786	C000189740	1.323251417769	4.542910447761	4.987953957348
0001410368-25-043401	931788	C000121567	3.27	3.8	-1.96
0001193125-25-334200	931442	C000189488	3.005769	4.246076	2.907009
0001410368-25-043387	931524	C000194633	1.26	.81	.21
0001099263-25-004484	919601	C000222832	.390208	1.246879	.507524
0001099263-25-004484	919602	C000064131	.456793	1.313586	.574151
0001193125-25-334097	931085	C000042427	1.99712	2.682079	1.701604
0001193125-25-334097	931086	C000042428	2.01122	2.684121	1.75583599
0001193125-25-334097	931090	C000135768	2.03600399	2.67445499	1.77661799
0001193125-25-334136	931206	C000096502	1.911852	1.95645199	1.485967
0001193125-25-334136	931207	C000096504	1.817177	1.881143	1.364288
0001193125-25-334136	931213	C000148460	1.842364	1.887695	1.39183999
0001193125-25-334136	931214	C000164811	1.91377499	1.922153	1.46182399
0001193125-25-334136	931218	C000224585	1.88815999	1.95999	1.463565
0001004655-25-000255	928295	C000038295	3.69735	1.95892206	-.31917157
0002071691-25-007782	919958	C000173553	3.4964	1.276175	3.481628
0002071691-25-007782	919960	C000007405	3.529052	1.333938	3.501559
0000940400-25-014474	928381	C000012436	1.3	.96	.63
0000940400-25-014474	928386	C000196668	1.38	1.03	.61
0000857489-25-000152	928235	C000015904	3.91908	2.27175149	.26978417
0000857489-25-000152	928236	C000096107	3.9304	2.27152365	.26744978
0000225997-25-000214	928269	C000007954	.88033	1.91871654	1.08315015
0000898745-25-000869	927125	C000019316	.69	-1.46	-4.21
0000035402-25-002869	928779	C000254557	1.03	5.23	3.75
