HOLDING_ID	PUT_OR_CALL	WRITTEN_OR_PURCHASED	SHARES_CNT	PRINCIPAL_AMOUNT	CURRENCY_CODE	EXERCISE_PRICE	EXPIRATION_DATE	UNREALIZED_APPRECIATION
157703218	Put	Written	100			62.5	21-NOV-2025	1336515
156398424	Put	Written	100			6375	17-SEP-2025	-48985.65
156391161	Put	Purchased	100			5750	10-SEP-2025	-27613.55
157289333	Put	Purchased	1			4.05	30-JAN-2026	-1608683.39
156387593	Put	Purchased	100			6115	05-SEP-2025	-2420.46
156387501	Put	Written	100			6440	23-SEP-2025	-9634.68
159188594	Call	Purchased		750000000	JPY	0	07-MAR-2031	215533.76
159184589	Put	Written	1			3.1	24-JUN-2026	-174058.99
159167122	Put	Written	1			1.9	02-DEC-2025	-361016.58
159185265	Call	Written	1			2.7	17-AUG-2026	45912.6
158643951	Call	Written	100			480	18-JUN-2026	-4346231
157288291	Put	Purchased	1			4.22	27-FEB-2026	-2022847.57
157288742	Put	Purchased	1			4	31-MAR-2026	-2046031.93
159301574	Put	Purchased				.63	08-OCT-2025	-445272.82
159291474	Call	Purchased				10.2	26-NOV-2025	-532843.42
157703859	Call	Written	100			240	19-DEC-2025	-2840467.25
157702929	Call	Written	100			220	19-DEC-2025	-7054332.25
156452466	Put	Purchased	1			3.804	25-AUG-2026	41758.38
158499755	Call	Written	100			80	17-OCT-2025	111496.01
156391670	Put	Written	100			6430	30-SEP-2025	-10815.21
161041793	Call	Written	10			6100	19-DEC-2025	188086.02
160399363	Put	Purchased	438614000			50	19-NOV-2025	-327135.86
159370271	Call	Purchased				4.31	02-MAY-2035	-887159.61
159369047	Put	Purchased				4.43	16-MAY-2035	-1135017.8
159370529	Put	Purchased				5	06-APR-2026	-445309.86
159367614	Put	Purchased				4.31	24-APR-2035	-992141.04
159369787	Call	Purchased				4.66	20-AUG-2035	-1482807.06
159370011	Put	Purchased				4.1	06-FEB-2035	-815172.93
158356248	Put	Purchased	1			3.804	25-AUG-2026	89802.73
157703528	Put	Written	100			200	19-DEC-2025	-560867.25
157702284	Put	Written	100			250	21-NOV-2025	1796628.75
159795269	Put	Written	-190220625			3.64	13-AUG-2026	115890.02
159385471	Call	Purchased				2.4	20-JUL-2027	-1532311.46
159344289	Put	Written				2.85	02-OCT-2025	95886.83
158499690	Put	Purchased		268348000	USD	4.33	14-OCT-2025	-3787913.55
156391214	Put	Written	100			6370	12-SEP-2025	21239.54
156388507	Put	Purchased	100			5740	05-SEP-2025	-45554.23
159277146	Call	Written				3.58	02-OCT-2025	60624.89
159300827	Call	Written				2.55	06-OCT-2025	110518.69
157702007	Call	Written	100			120	19-DEC-2025	-797669
156393177	Put	Written	100			6330	03-SEP-2025	191672.83
159185201	Put	Purchased	10			5300	17-OCT-2025	-340376.33
159170220	Call	Purchased	1			1.185	09-MAR-2026	-107505.68
159182034	Put	Purchased	1			142	08-OCT-2025	-4512338.71
157666202	Call	Purchased	1000000			98	11-DEC-2026	-33922.7
159793655	Call	Purchased	101490			11.5	16-SEP-2026	-233093.31
159794052	Call	Purchased	2846274			.01	31-DEC-2049	284.63
159794488	Put	Purchased	246688000			1.12	16-JAN-2026	-950769.74
157674525	Call	Purchased	108820			0	31-MAR-2040	0
159442904	Call	Written				56.9	12-NOV-2025	577633.6
160010510	Call	Purchased	1			1	24-JUL-2025	0
160011159	Call	Purchased	1			1	02-AUG-2030	0
159288050	Put	Purchased				1.15	08-OCT-2025	-1407228.64
159285731	Put	Written				127.5	24-OCT-2025	229304.82
159302833	Put	Written				3.7	06-OCT-2025	80563.25
157701949	Put	Written	100			190	21-NOV-2025	1439378.75
156392208	Put	Written	100			6240	17-SEP-2025	217720.92
156454287	Call	Purchased	1			4.075	24-APR-2030	-385293.04
159370160	Call	Written				102.38	07-OCT-2025	286986.84
159375020	Put	Purchased				4.56	09-JUL-2035	-2075972.27
159368363	Call	Purchased				4.69	27-AUG-2035	-858962.88
156358557	Put	Purchased	1			3.95	29-APR-2030	-182078.64
156349985	Call	Purchased	1			3.837	22-JUL-2026	-186101.68
156418741	Call	Purchased	1			4.01	07-MAY-2030	-29165.13
159795734	Put	Written	-135871875			3.925	19-FEB-2026	221347.52
159795755	Put	Purchased	139218000			140	19-NOV-2025	-3038445.38
159372649	Call	Purchased				2.75	09-FEB-2026	-298985.68
156348826	Put	Purchased	1			4.146	30-JUL-2030	-87102.32
156459221	Call	Purchased	1			3.804	25-AUG-2026	-43471.85
156442053	Put	Purchased	1			3.53	01-AUG-2029	-1004856.49
159422815	Call	Purchased				.01	10-JUN-2071	0
159273210	Call	Written				7.85	14-AUG-2026	-1894.14
156396110	Put	Purchased	.01			.625	08-OCT-2025	-44890.57
159180662	Call	Written	100			410	17-OCT-2025	241497.07
159182346	Call	Written	1			2.4	18-AUG-2026	29677
159390909	Put	Purchased				2.4	20-JUL-2027	1814757.96
159271575	Call	Purchased				7.8	24-AUG-2026	-8165.4
156421258	Put	Purchased	1			4.08	24-APR-2030	-28492.72
156420634	Call	Written	1			3.5725	04-SEP-2035	10040.8
159177863	Put	Purchased	1000			62	16-OCT-2025	-218367
159185502	Put	Written	100			145	21-NOV-2025	73887.87
159160479	Put	Written	100			630	21-NOV-2025	-31693.66
159188972	Call	Written	1			52.5	18-MAR-2026	-10366.82
158643841	Call	Written	100			32.5	16-JAN-2026	-572739.96
159272000	Call	Purchased				10.2	26-NOV-2025	-186682.78
157702032	Call	Written	100			95	21-NOV-2025	420294.37
157703196	Call	Written	100			145	21-NOV-2025	-16571.25
156391575	Put	Written	.01			.7	17-DEC-2025	-3984.8
156394913	Put	Written	100			6270	03-SEP-2025	193467.5
156458703	Call	Purchased	1			4.01	07-MAY-2030	-319561.97
159372273	Call	Written				3.41	14-OCT-2025	393242.67
159374844	Call	Purchased				2.75	05-FEB-2026	-372917.6
159367586	Call	Written				3.37	16-OCT-2025	-182324.1
159373731	Put	Purchased				4.29	07-MAY-2035	-1036986.36
159276178	Call	Written				3.38	14-OCT-2025	6836.75
159274539	Put	Written				127.5	24-OCT-2025	64384.57
159292717	Put	Written				111.5	24-OCT-2025	-19204.37
159293150	Call	Written				3.33	14-OCT-2025	163057.3
157703822	Call	Written	100			50	19-DEC-2025	779132.75
159173067	Call	Written	100			45	17-OCT-2025	232340.47
159178863	Call	Written	100			81	17-OCT-2025	-1438520.2
159182855	Call	Purchased	1			2485.5216	11-MAR-2031	7404651.73
158644129	Call	Written	100			145	16-JAN-2026	-2258144.22
156371789	Call	Purchased	1			4.025	23-APR-2030	-141719.13
159271697	Put	Written				3.81	06-OCT-2025	17979.51
159273527	Put	Written				3.63	14-OCT-2025	-125403.75
159301031	Put	Purchased				.62	10-OCT-2025	-319926.55
159286352	Call	Written				3.38	10-OCT-2025	237323.68
159288194	Call	Written				3.38	14-OCT-2025	201802
158499958	Call	Purchased	1			69	15-JUN-2027	-63983.9
156369351	Put	Purchased	1			4.146	30-JUL-2030	-15786.1
156387325	Put	Written	100			6355	02-SEP-2025	25474.54
156391804	Put	Written	100			6380	16-SEP-2025	13081.32
156420537	Put	Written	1			3.897	26-SEP-2025	8934.86
156413784	Put	Purchased	1			3.8	10-AUG-2026	258.7
159179518	Put	Purchased	1			287.5	15-OCT-2025	-51269.14
159181955	Put	Written	1			21404.66	30-DEC-2025	25967.72
159174398	Put	Purchased	1			44	19-NOV-2025	-63366.48
159185673	Call	Written	1			7.75	10-OCT-2025	-341995.86
158243424	Call	Written	-215500000			3.2	03-SEP-2027	300885.43
158643778	Call	Written	100			145	16-JAN-2026	1020188.4
159795407	Call	Purchased	440817500			3.5	13-FEB-2026	273505.22
157819231	Call	Purchased	1			1.3454	17-JAN-2031	311368.09
159385883	Call	Written				.03	23-JUL-2026	556511.04
159285293	Call	Written				3.58	02-OCT-2025	165850.47
157703657	Call	Written	100			67.5	16-JAN-2026	199565.5
156460748	Put	Purchased	1			4.08	24-APR-2030	-286410.27
159342507	Call	Written				2.55	06-OCT-2025	53997.71
156369589	Call	Purchased	1			4.146	30-JUL-2030	-33992.99
161041730	Call	Purchased	10			5800	19-DEC-2025	-436186.75
159375249	Call	Purchased				3.13	14-SEP-2026	-265687.72
159376574	Call	Written				93.94	07-OCT-2025	-16066.6
159368583	Put	Purchased				6	17-OCT-2025	-2541460.9
160529647	Put	Written		-20000000	USD	85	26-APR-2026	22564
160530411	Put	Written		-1300000000	USD	70	19-NOV-2025	899602.53
159183134	Call	Written	10			5650	19-DEC-2025	-827118.81
159188698	Put	Purchased	100			245	21-NOV-2025	50374.4
159184195	Put	Written	1			16.8	12-DEC-2025	204241.51
159186034	Put	Purchased	50			210	17-OCT-2025	-43725.62
158243455	Call	Purchased	182300000			3.515	03-SEP-2027	-187181.55
158643930	Call	Written	100			95	16-JAN-2026	70070.22
158643968	Call	Written	100			620	16-JAN-2026	1236541.45
159794300	Put	Written	-135871875			3.853	13-FEB-2026	230793.32
159794926	Put	Written	-135871875			3.929	19-FEB-2026	234198.28
159795082	Put	Written	-135871875			3.71	19-AUG-2026	111065.74
159794609	Call	Written	-135871875			2.89	20-FEB-2026	67506.58
157917756	Call	Purchased		2205	USD	0	01-AUG-2035	12123.09
156392924	Call	Written	100			650	19-SEP-2025	397283.75
159370831	Call	Purchased				2.6	17-JUN-2026	-180531.16
159372977	Put	Purchased				.03	26-JAN-2027	-20229430.8
159374700	Put	Written				3.58	10-NOV-2025	-188716.22
156348228	Put	Purchased	1			4.01	07-MAY-2030	-81901.76
159183862	Call	Purchased	1			1.39	02-OCT-2025	-69780.63
159173529	Call	Purchased	100			672	03-OCT-2025	-2716691.05
159187041	Put	Written	1			3.9	09-DEC-2025	1369080.64
159186021	Put	Purchased	1			1.175	10-OCT-2025	30758.77
159179807	Put	Written	100			155	21-NOV-2025	-6111.73
157666193	Call	Purchased	1000000			97.5	12-DEC-2025	-670467.2
158498690	Call	Purchased	1			11.5	01-JUL-2026	-235344.95
159373563	Put	Purchased				99.09	04-DEC-2025	8095.5
158355920	Put	Purchased	1			4.03	25-APR-2030	-104938.24
157701842	Call	Written	100			77.5	19-DEC-2025	-1421734.5
159369282	Put	Written				3.91	06-NOV-2025	170930.4
159373021	Put	Written				4.25	07-OCT-2025	319580.46
159373576	Put	Purchased				4.07	07-MAR-2035	-1062802.62
158363472	Put	Purchased	1			4.075	24-APR-2030	-79154.22
160530274	Put	Written		-831530000	USD	67.5	19-NOV-2025	277822.51
159180396	Call	Purchased	1			33.5	03-DEC-2025	-87670.02
159182220	Put	Purchased	1			16500	30-OCT-2025	-1313901.29
159183403	Put	Purchased	1			215.22	21-NOV-2025	-283757.64
159185984	Call	Written	1			148.5	09-OCT-2025	48340.41
159177786	Put	Written	1			100	15-OCT-2025	27190.67
159182752	Put	Written	1			2.9	24-JUN-2026	-106153.06
158243500	Call	Written	-23300000			3.81	26-MAR-2026	14346.38
158643798	Call	Written	100			260	16-JAN-2026	1506339
158643765	Call	Written	100			235	16-JAN-2026	-6946049.7
159372735	Put	Written				4.03	04-DEC-2025	-33731.43
159366885	Put	Written				.02	26-JAN-2027	8770291.6
158355510	Call	Purchased	1			4.03	25-APR-2030	-239025.6
157702910	Put	Written	100			135	21-NOV-2025	1358265.5
157702445	Put	Written	100			180	21-NOV-2025	2559435.5
157702317	Call	Written	100			220	21-NOV-2025	-5480867.25
157703589	Put	Written	100			250	19-DEC-2025	-882.25
159346731	Call	Written				3.38	10-OCT-2025	145062.68
159345357	Put	Written				3.63	14-OCT-2025	-122728.47
158505605	Call	Purchased	1			35.41	25-APR-2035	5793.08
156392272	Put	Purchased	100			6000	12-SEP-2025	-1902.46
159795769	Call	Written	-190220625			2.64	13-AUG-2026	139313.78
159794214	Put	Purchased	84910000			1.01	26-NOV-2025	-1092099.11
159793743	Call	Written	-135871875			2.71	19-AUG-2026	41136.57
159297842	Put	Written				2.75	17-OCT-2025	3003.25
159345412	Call	Written				2.55	17-OCT-2025	43903.6
156377650	Call	Purchased	1			3.8	10-AUG-2026	-47451.36
156387255	Call	Written	100			305	03-OCT-2025	-356575.46
156404942	Put	Purchased	1			3.9025	14-APR-2026	-20964.93
156401430	Put	Purchased	.01			1.11	26-NOV-2025	-49912.13
159183314	Put	Purchased	50			205	17-OCT-2025	-265499.92
159161001	Call	Purchased	1			497.76	11-DEC-2025	-14257.39
159185525	Put	Purchased	1			145	09-OCT-2025	-347666.38
158243491	Call	Written	-11700000			3.45	25-MAR-2026	-125162.7
159435477	Call	Purchased				.01	01-AUG-2035	-572997.01
159306757	Put	Written				3.69	10-OCT-2025	-36608.44
156391757	Call	Purchased	1			4.485	31-JUL-2035	-183012.06
156397207	Put	Purchased	1			4.693	27-AUG-2035	-3018.79
159795586	Put	Purchased	283040000			1.01	24-NOV-2025	-4038084.7
157829043	Call	Purchased	43955			18.2005	20-APR-2032	0
156350756	Put	Purchased	1			4.03	25-APR-2030	-158240.82
156413530	Call	Purchased	1			3.9	08-JUL-2026	-24939.64
156400201	Put	Written	1			3.8725	02-SEP-2025	10709.47
157703354	Call	Written	100			170	19-DEC-2025	938918.25
159162629	Put	Written	100			100	21-NOV-2025	-5723.45
159185928	Put	Purchased	1			86	03-NOV-2025	-502887.62
159170719	Put	Purchased	1			1.27	16-OCT-2025	-187588.7
159180225	Call	Purchased	250000			96.5	12-DEC-2025	-1010050
159180731	Put	Purchased	100			170	17-OCT-2025	-82532.4
158643802	Call	Written	100			115	16-JAN-2026	-2127635.28
158643854	Call	Written	100			290	16-JAN-2026	815724.9
159795524	Call	Written	-135871875			2.86	13-FEB-2026	169497.45
159794247	Put	Written	-135871875			3.71	19-AUG-2026	107668.95
159346855	Put	Written				3.81	06-OCT-2025	6634.95
159276953	Put	Purchased				.62	10-OCT-2025	-43872.26
159274599	Put	Purchased				386	16-DEC-2025	-10047.88
159289694	Call	Written				113.5	24-OCT-2025	-16479.32
157703731	Call	Written	100			240	19-DEC-2025	-3421734.5
157702361	Call	Written	100			37	21-NOV-2025	636515
156446509	Put	Purchased	1			4.146	30-JUL-2030	-32760.57
159370322	Put	Written				4.04	04-DEC-2025	-74099.75
159370060	Put	Purchased				4.52	13-AUG-2035	-3933633
156365027	Call	Purchased	1			4.08	24-APR-2030	-177981.42
160533583	Put	Purchased		2250000000	USD	55	17-DEC-2025	-1584286.49
159183598	Call	Written	1			7.75	10-APR-2026	31984.22
159189120	Call	Purchased		140000000	HKD	0	12-DEC-2025	66050.41
159173630	Put	Written	1			4.1	09-DEC-2025	837846.67
159181464	Call	Written	1			19	15-OCT-2025	56434.81
159182736	Call	Purchased	100			5	17-OCT-2025	-441.09
159172723	Call	Purchased	1			35.41	25-APR-2035	25423.5
159795499	Put	Purchased	12741000			140	19-NOV-2025	-275792.83
159390370	Call	Purchased				2.17	19-JUL-2032	-1651548.16
156443605	Put	Purchased	1			3.805	05-NOV-2029	-144416.83
156399481	Call	Purchased	1			4.693	27-AUG-2035	845.58
156449863	Call	Purchased	1			3.837	22-JUL-2026	-514619.2
156452826	Call	Purchased	1			4.025	23-APR-2030	-525584.08
160398948	Put	Written	-388642000			70	21-JAN-2026	-6159.97
159375749	Put	Purchased				99.8	06-NOV-2025	-87686.94
159369806	Put	Purchased				5.5	17-OCT-2025	-371981.4
156077696	Call	Purchased	34745			0	31-MAR-2040	0
159271332	Put	Purchased				5.48	07-NOV-2025	525352.5
159270353	Put	Purchased				24.2	10-FEB-2026	9760.65
156388377	Put	Purchased	100			5750	09-SEP-2025	-5587.96
156387113	Put	Purchased	100			5865	19-SEP-2025	-16610.24
159374562	Call	Purchased				3.08	08-DEC-2025	-1797867.9
159371316	Call	Purchased				4.56	09-JUL-2035	-3258847.52
159373396	Put	Purchased				5	29-DEC-2025	-415466.76
159372309	Call	Purchased				3.08	10-NOV-2025	-714123.52
158361633	Call	Purchased	1			4.01	07-MAY-2030	-263955.16
156353929	Call	Purchased	1			4.075	24-APR-2030	-61280.1
156398788	Put	Purchased	1			4.01	07-MAY-2030	-41622.21
160026071	Call	Purchased	1			1	27-OCT-2030	23562.32
159184618	Put	Purchased	1			23864.96	30-DEC-2025	-121139.66
159184013	Call	Written	100			25	17-OCT-2025	8497.93
159182254	Put	Purchased	1			1.165	07-OCT-2025	-133010.59
159172980	Put	Purchased	1			1.16	16-OCT-2025	-17055.97
159177351	Call	Purchased	100			22	17-OCT-2025	-36241.92
159173518	Call	Purchased	50			240	21-NOV-2025	5295.32
158644032	Call	Written	100			100	16-JAN-2026	2540248.71
159795547	Put	Written	-190220625			3.64	13-AUG-2026	134912.08
157681095	Call	Purchased	2257143			3.5	18-AUG-2028	.23
159343682	Put	Written				3.85	27-OCT-2025	36733.03
156382718	Call	Purchased	1			4.08	24-APR-2030	-196207.43
156392955	Put	Written	100			6340	09-SEP-2025	19231.32
159367924	Put	Purchased				4.25	28-NOV-2025	-3541248
159376015	Put	Purchased				5.5	03-NOV-2025	-310096.65
159370914	Put	Purchased				4.75	31-OCT-2025	-243964.86
159370508	Call	Purchased				3.29	11-DEC-2025	-364101.39
158362257	Call	Purchased	1			3.804	25-AUG-2026	-180810.59
156419454	Call	Purchased	1			3.804	25-AUG-2026	-12216.24
159184721	Put	Purchased	1			30.15	22-OCT-2025	-39559.75
159170705	Call	Purchased	100			185	21-NOV-2025	-145507.14
159172548	Call	Purchased	1			1.195	08-OCT-2025	-3597303.69
156392427	Put	Written	100			6270	02-SEP-2025	46054.54
156392148	Put	Purchased	100			6070	29-AUG-2025	-6127.64
156388722	Put	Purchased	100			5850	12-SEP-2025	-2937.18
156390005	Put	Purchased	100			5650	02-SEP-2025	-6410.46
156389550	Put	Written	100			6420	05-SEP-2025	9094.54
156317541	Call	Written	100			235	17-OCT-2025	-711921.98
156398292	Put	Purchased	1			4.025	23-APR-2030	-81841.25
159270196	Call	Written				2.61	02-OCT-2025	12827.96
156415611	Put	Purchased	1			3.837	22-JUL-2026	-1661.12
158981588	Call	Purchased	1			1.5	31-DEC-2099	147930.1
159178257	Call	Purchased	100			4	17-OCT-2025	-15302.43
159169642	Put	Purchased	100			642	17-OCT-2025	-47860.77
159166570	Call	Purchased	1			11.5	03-NOV-2026	26540.08
159794655	Put	Purchased	93577000			1.01	26-NOV-2025	-1191328.19
159346435	Call	Written				3.58	02-OCT-2025	96679.34
156387316	Put	Written	100			6450	16-SEP-2025	-9688.68
159794691	Put	Purchased	41765000			140	19-NOV-2025	-885212.93
157703426	Call	Written	100			210	21-NOV-2025	-10110832.25
161041778	Put	Purchased	100			6200	31-OCT-2025	-2653994.83
159183671	Put	Purchased	50			180	17-OCT-2025	-71714.09
159186925	Call	Purchased	1			2.5	18-AUG-2028	-65346.37
159175441	Put	Written	1			16200	30-OCT-2025	1169741.76
157702560	Call	Written	100			120	21-NOV-2025	864871
158643945	Call	Written	100			500	16-JAN-2026	-515588
159269902	Put	Written				3.67	14-OCT-2025	-18447.8
159277022	Put	Purchased				24.25	13-FEB-2026	40862.35
158981686	Call	Purchased	1			0	31-DEC-2099	2413.86
159179577	Call	Written	1			2.7	18-AUG-2026	33302.73
159183759	Call	Purchased	1			19.2	29-OCT-2025	-26797.26
159164350	Call	Written	1			3.1	14-NOV-2025	844595.77
159173773	Put	Purchased	1			24800	28-OCT-2025	1293478.46
159184817	Call	Written	1			1.39	02-OCT-2025	315808.83
159289047	Call	Written				2.61	02-OCT-2025	158103.55
157701972	Call	Written	100			1390	21-NOV-2025	2367282.19
157703011	Call	Written	100			240	19-DEC-2025	424132.75
157701785	Call	Written	100			450	21-NOV-2025	839178.75
156397844	Call	Written	.01			7.85	14-AUG-2026	-2544.54
156390050	Call	Purchased	1			3.215	05-AUG-2026	-1861.03
159793790	Call	Written	-135871875			2.925	19-FEB-2026	38059.07
159794827	Put	Written	-135871875			3.852	13-FEB-2026	228622.1
159795016	Put	Purchased	15409000			1.01	26-NOV-2025	-202598.35
159794503	Put	Purchased	193207000			1.12	14-JAN-2026	-727795.43
156084152	Put	Purchased	1000000			95.6875	12-DEC-2025	-1991968.5
159343753	Put	Written				127.5	24-OCT-2025	65263.87
157703581	Call	Written	100			75	21-NOV-2025	937535.5
157703472	Put	Written	100			275	21-NOV-2025	264682.75
157703270	Call	Written	100			195	21-NOV-2025	-26817.25
156455522	Put	Purchased	1			3.795	30-OCT-2029	-103228.06
159422539	Put	Written				.02	08-AUG-2026	10387897.45
160027111	Call	Purchased	1			1	10-NOV-2023	-112012.76
159795061	Put	Purchased	198129000			1.01	26-NOV-2025	-2487155.86
160752811	Call	Purchased	11765			15.5	07-OCT-2026	14000.35
159346402	Put	Written				3.67	14-OCT-2025	-67308.12
156379425	Call	Purchased	1			4.01	07-MAY-2030	-84090.54
156392621	Call	Written	100			110	19-SEP-2025	265677.82
156391858	Put	Written	100			6220	05-SEP-2025	47559.54
156388640	Put	Written	100			6350	05-SEP-2025	20693.82
157701825	Call	Written	100			160	19-DEC-2025	-2471434.5
157702533	Call	Written	100			160	21-NOV-2025	1647757.5
156447895	Call	Purchased	1			4.146	30-JUL-2030	-70544.94
160383829	Put	Written	-547915000			70	21-JAN-2026	-8684.46
156391851	Put	Written	100			6370	09-SEP-2025	242887.07
156387951	Put	Purchased	100			5850	02-SEP-2025	-4150.68
156418263	Call	Written	100000			129.5	26-SEP-2025	-1435.16
156417326	Put	Purchased	.01			1.11	24-NOV-2025	-337491.3
156392560	Put	Written	1			3.873	08-SEP-2025	9770.94
159181943	Put	Written	1			192	04-DEC-2025	251379.16
159174656	Call	Written	1			3.05	20-NOV-2025	873819.6
159430783	Put	Purchased				2.17	19-JUL-2032	18324161.74
159272833	Call	Written				2.55	17-OCT-2025	2543.28
157703102	Call	Written	100			320	17-OCT-2025	2348567.75
156441933	Call	Purchased	1			3.53	01-AUG-2029	19938.27
158500341	Call	Purchased	1			.01	07-OCT-2032	2426261.07
156388830	Put	Written	100			6335	12-SEP-2025	17849.82
156390448	Put	Purchased	100			6175	09-SEP-2025	470.54
156389505	Put	Purchased	100			5925	05-SEP-2025	-3979.68
159376804	Call	Purchased				4.31	24-APR-2035	-1221754.92
159368148	Put	Purchased				4.47	04-JUN-2035	-1092360.8
158643962	Call	Written	100			585	16-JAN-2026	188682.56
158643772	Call	Written	100			130	16-JAN-2026	-2308280
159793935	Call	Purchased	1035008			1	24-JUL-2027	102.77
156084147	Call	Purchased	1000000			98	12-DEC-2025	-194963
159305281	Call	Purchased				10.13	14-OCT-2025	-105487.74
156389156	Put	Written	100			6230	03-SEP-2025	322356.38
156398284	Put	Purchased	100			5850	17-SEP-2025	4549.35
156393933	Put	Written	100000			111	26-SEP-2025	33788.9
159342980	Call	Written				3.38	14-OCT-2025	119289.5
158496390	Call	Purchased	1			172.5	01-SEP-2026	-233955.31
158505749	Call	Purchased	1			11.5	03-DEC-2028	-72875.88
156368965	Put	Purchased	1			4.025	23-APR-2030	-172573.18
158504564	Put	Written	100000			106	24-OCT-2025	689316.96
156369513	Call	Purchased	1			4.108	28-JAN-2026	-1203825.04
156387643	Put	Purchased	100			5925	23-SEP-2025	1135.32
159368132	Call	Purchased				4.26	01-MAY-2035	-1184868
159370411	Call	Written				3.45	09-OCT-2025	328989.69
159367183	Call	Purchased				3.31	08-JUN-2026	-1555927.4
158354615	Put	Purchased	1			4.025	23-APR-2030	-36433.28
158362630	Put	Purchased	1			3.887	17-SEP-2030	-8181.85
156357487	Put	Purchased	1			3.8	10-AUG-2026	338.83
158644132	Call	Written	100			160	16-JAN-2026	252573.23
158643993	Call	Written	100			775	16-JAN-2026	387581.74
159794916	Call	Written	-135871875			2.94	18-FEB-2026	22931.09
156392329	Put	Purchased	100			5850	26-SEP-2025	1352.54
156387311	Put	Purchased	100			5800	12-SEP-2025	-4030.46
159375446	Put	Written				4.08	06-NOV-2025	107997.12
159177960	Put	Purchased	1			2.7	24-JUN-2026	600138.92
159160194	Call	Written	1			2.75	09-DEC-2025	86959.72
159163078	Put	Written	1			3.9	27-APR-2026	687626.79
159178128	Put	Written	100000			108	24-OCT-2025	44629.52
158644086	Call	Written	100			390	16-JAN-2026	2801748.98
159370719	Put	Purchased				4.52	29-MAY-2035	-1248261.21
159370183	Put	Written				4.03	04-DEC-2025	-76326.25
159370037	Put	Purchased				3.98	29-OCT-2025	-1681849.5
159367425	Call	Purchased				4.4	25-JUN-2035	-4896250.24
159369377	Put	Written				5.5	16-DEC-2025	173620.56
156416914	Put	Purchased	.01			1.145	08-OCT-2025	-99028.46
156414768	Put	Purchased	1			3.95	29-APR-2030	-33144.17
159189660	Put	Purchased	1			3.7	27-APR-2026	-981378.4
159177307	Call	Written	1			2.85	22-DEC-2025	719379.73
159176598	Put	Written	1			4.15	27-APR-2026	412723.66
159166954	Put	Written	1			1.18	02-OCT-2025	-38819.85
159176204	Call	Purchased	1			3.8	30-OCT-2025	-863984.94
159285819	Put	Written				3.63	14-OCT-2025	-208003.02
159300204	Put	Written				3.85	27-OCT-2025	64057.6
159295967	Put	Purchased				1.13	10-OCT-2025	-832691.68
157702474	Call	Written	100			280	19-DEC-2025	697906.2
156390194	Put	Purchased	100			5850	10-SEP-2025	-34.08
156398500	Call	Purchased	1			2.995	07-AUG-2026	-2298.59
156399089	Call	Written	1			2.83	30-OCT-2025	104798.4
156461267	Put	Purchased	1			3.753	31-OCT-2029	-764074.81
159372089	Call	Purchased				96.67	06-NOV-2025	-297916.5
159367722	Call	Purchased				4.49	07-AUG-2035	-1651523.7
159376640	Put	Written				4.12	07-OCT-2025	422549.79
159367603	Call	Purchased				4.47	04-JUN-2035	-1011832.28
159370733	Put	Purchased				4.75	09-OCT-2025	-539124.43
159367374	Call	Purchased				2.74	30-OCT-2025	-712933.76
156392193	Put	Purchased	100			5625	02-SEP-2025	-52708.83
156390225	Put	Written	100			6300	05-SEP-2025	320476.78
159169388	Call	Written	1			151	08-OCT-2025	2317115.64
159169591	Call	Written	250000			96.75	12-DEC-2025	646200
159177995	Put	Written	1			3.55	12-DEC-2025	-745792.01
159178683	Call	Purchased	1			11.5	31-DEC-2027	.2
158643890	Call	Written	100			205	16-JAN-2026	-11674169.44
158644038	Call	Written	100			125	16-JAN-2026	2041710
159372893	Call	Purchased				4.07	07-MAR-2035	-2096636.13
159369522	Put	Purchased				4.46	01-AUG-2035	-3730500.6
159376820	Put	Written				5.5	29-DEC-2025	196082.76
158356399	Call	Purchased	1			4.025	23-APR-2030	-74143.4
158360279	Call	Purchased	1			3.8	10-AUG-2026	-196763.32
159369958	Call	Written				3.33	08-OCT-2025	1490465.66
159371621	Call	Purchased				4.25	20-FEB-2035	-2013124.15
156349640	Call	Purchased	1			4.03	25-APR-2030	-129670.2
156398463	Call	Written	1			3.68	29-AUG-2025	9493.4
159188445	Put	Purchased	100			11	17-OCT-2025	30960.45
159188669	Call	Written	1			1.19	29-OCT-2025	144012.24
158243519	Call	Purchased	23300000			3.26	26-MAR-2026	143938.46
158243481	Call	Written	-11700000			3.6	25-MAR-2026	-191820.08
158643872	Call	Written	100			145	16-JAN-2026	-672125
158644117	Call	Written	100			270	16-JAN-2026	507058.3
158643920	Call	Written	100			860	16-JAN-2026	1407600
158643847	Call	Written	100			260	16-JAN-2026	-8505714
158643775	Call	Written	100			140	16-JAN-2026	-681575.31
159795680	Put	Written	-139218000			130	19-NOV-2025	1088301.91
159370586	Put	Purchased				4.26	13-FEB-2035	-1508070.28
159370649	Call	Purchased				4.4	25-JUN-2035	-4256174.4
159372638	Call	Purchased				4.69	27-AUG-2035	-1061773.56
159372473	Call	Purchased				4.29	07-MAY-2035	-1320975.78
158354740	Put	Purchased	1			4.01	07-MAY-2030	-152045.97
158360139	Put	Purchased	1			3.837	22-JUL-2026	13651.92
156349079	Call	Purchased	1			4.108	28-JAN-2026	-1563382.05
156364366	Put	Purchased	1			4.08	24-APR-2030	-143946.66
156398673	Call	Written	1			3.645	29-AUG-2025	5774.79
156396895	Call	Written	1			3.551	15-SEP-2025	5166.4
159187418	Put	Written	1			16000	12-DEC-2025	297383.29
159181767	Put	Written	100			230	21-NOV-2025	159765.86
159165856	Call	Purchased		350000000	JPY	0	21-DEC-2027	170963.64
159160151	Call	Purchased	1			1	15-MAR-2029	1111750.24
158643996	Call	Written	100			810	16-JAN-2026	442755.53
158644135	Call	Written	100			165	16-JAN-2026	-45606
158643982	Call	Written	100			680	16-JAN-2026	-3493642.58
158644083	Call	Written	100			380	16-JAN-2026	501424
159794475	Call	Written	-135871875			2.852	13-FEB-2026	177339.98
156369053	Put	Purchased	1			4.01	07-MAY-2030	-120007.5
156388836	Put	Written	100			6400	16-SEP-2025	5356.54
156388704	Put	Written	100			6125	29-AUG-2025	366652.12
156387031	Put	Written	100			6410	12-SEP-2025	5776.54
159366702	Call	Written				3.48	17-OCT-2025	-442100.64
159372587	Call	Purchased				4.43	16-MAY-2035	-1127500.34
159185398	Call	Written	1			45	21-NOV-2025	23015.38
159167411	Call	Purchased	100			35	21-NOV-2025	-186.43
159179398	Put	Written	1			48	16-JAN-2026	270025
159183059	Call	Purchased	1			.01	13-DEC-2033	6984093.74
159161526	Call	Written	100			20	17-OCT-2025	-132424.65
159189569	Put	Written	100			40	17-OCT-2025	-160089.68
159180621	Put	Purchased	1			147	23-OCT-2025	22133.34
158644104	Call	Written	100			290	19-DEC-2025	-3532941.48
158643850	Call	Written	100			270	16-JAN-2026	-6005284
159444685	Put	Purchased				2.4	20-JUL-2027	20896017.38
159276839	Put	Written				3.67	14-OCT-2025	-3857.58
159270702	Put	Written				3.81	06-OCT-2025	176616.05
159270383	Call	Written				7.85	14-AUG-2026	-4164.95
157289802	Put	Purchased	1			4.22	30-JAN-2026	-1747138.8
156415960	Call	Purchased	1			3.8	10-AUG-2026	-66951.35
156419497	Put	Written	1			3.851	15-SEP-2025	6860.18
159179487	Call	Purchased	100			667	10-OCT-2025	187131.88
159169106	Call	Purchased	1			11.5	01-FEB-2026	-412113.38
159186968	Call	Purchased	1			2.9	18-AUG-2026	-23632.66
159160270	Put	Written	100			59	17-OCT-2025	217488.56
157759914	Call	Purchased	53352			0	31-MAR-2040	0
159269608	Put	Purchased				.62	14-OCT-2025	-86241.59
159269021	Call	Purchased				7.8	24-AUG-2026	-22503.1
159269372	Call	Purchased				7.8	14-AUG-2026	-2859.78
159271989	Put	Written				5.22	07-NOV-2025	28670.4
159268215	Call	Written				7.85	24-AUG-2026	-2036.96
156389770	Put	Purchased	100			5850	09-SEP-2025	-44051.94
159182026	Put	Purchased	1			161.5	14-NOV-2025	-564760.2
159182374	Put	Purchased	1			87	10-NOV-2025	-100381.84
159181959	Put	Purchased	100			6500	07-NOV-2025	-595543.32
159180814	Call	Purchased	1			11.5	01-JUL-2026	-715848.48
159169349	Call	Purchased	1			1.19	29-OCT-2025	-155620.09
159188491	Put	Written	1			5660.9438	01-OCT-2025	143622.67
159182982	Call	Purchased	1			1.17	29-OCT-2025	53321.96
158644122	Call	Written	100			330	16-JAN-2026	-1276521.28
159795422	Put	Written	-135871875			3.86	13-FEB-2026	236404.83
159793966	Call	Written	-440817500			3	13-FEB-2026	888683.67
159438431	Put	Written				.03	23-JUL-2026	22409905
159271831	Call	Written				5.8	10-DEC-2025	247654.77
156461468	Call	Purchased	1			4.08	24-APR-2030	-354129.13
156399389	Call	Purchased	.01			7.8	24-AUG-2026	-8930.13
158499311	Call	Purchased	1			.3414	31-DEC-2049	238327.16
156387279	Put	Purchased	100			6200	02-SEP-2025	-1911.18
156389712	Put	Purchased	100			5975	05-SEP-2025	-7436.64
156391306	Put	Purchased	100			5800	16-SEP-2025	-37931.58
159370128	Put	Purchased				99.81	06-NOV-2025	-189682.55
160532482	Put	Purchased		1500000000	USD	57.5	21-JAN-2026	-602709.6
159299867	Put	Purchased				1.11	24-NOV-2025	-1083428.79
156396636	Call	Written	100000			113.5	26-SEP-2025	-21146.4
156451025	Put	Purchased	1			4.03	25-APR-2030	-427933.64
156387512	Put	Written	100			6310	09-SEP-2025	35554.54
156387015	Put	Purchased	100			5925	09-SEP-2025	-6620.34
159374815	Put	Purchased				98.96	04-DEC-2025	-31450.2
156392813	Call	Purchased	.01			7.8	14-AUG-2026	-6280.33
160752223	Call	Purchased	25809			32	30-OCT-2026	77427
159366826	Put	Purchased				3.98	17-OCT-2025	-2728.16
159367198	Put	Purchased				98.18	06-NOV-2025	-209941.88
159372369	Call	Purchased				4.26	13-FEB-2035	-2052008.18
159369741	Put	Purchased				99.64	07-OCT-2025	-45702.48
159369864	Put	Purchased				6	03-NOV-2025	-1337881.79
156393926	Call	Purchased	1			4.065	02-MAY-2030	-21237.75
157702715	Put	Written	100			235	21-NOV-2025	799294.2
156395964	Put	Purchased	100			5825	03-SEP-2025	-27055.17
156456034	Put	Purchased	1			3.8	10-AUG-2026	1399.77
156442754	Put	Purchased	1			3.9	08-JUL-2026	84136.15
161041796	Call	Purchased	10			9625	16-JAN-2026	669076.36
158712396	Call	Purchased	1			2.45	31-DEC-2099	41424.51
158977780	Call	Purchased	1			11.5	22-AUG-2028	96587.53
159167869	Put	Written	100			1400	17-OCT-2025	194817.34
159163658	Put	Written	1			1.165	01-OCT-2025	384907.95
159179232	Put	Written	1			3.9	15-OCT-2025	365311.57
158643805	Call	Written	100			120	16-JAN-2026	-1788955.44
159387873	Call	Written				.03	25-JUL-2026	1076155.45
156456612	Call	Purchased	1			3.805	05-NOV-2029	-57890.58
156442557	Call	Purchased	1			4.065	02-MAY-2030	-58149.72
156451778	Call	Purchased	1			3.9025	14-APR-2026	-301320.65
161020525	Call	Purchased	1			1	02-AUG-2030	1.48
159369241	Put	Purchased				5	08-OCT-2025	-1543895.78
159374630	Call	Purchased				2.5	16-JUN-2026	-272578.5
158356451	Call	Purchased	1			3.853	16-SEP-2030	85720.19
159342461	Call	Written				3.55	27-OCT-2025	-28978.32
156389763	Put	Purchased	100			6020	29-AUG-2025	-3709.68
156400857	Put	Written	100000			127	26-SEP-2025	10048.78
159163722	Put	Written	100000			111	24-OCT-2025	-49192.5
159183114	Put	Written	100			90	21-NOV-2025	19553.1
159167103	Put	Written	100			228	30-SEP-2025	7026.55
158643788	Call	Written	100			180	16-JAN-2026	717182.82
159794540	Call	Written	-217395000			2.685	14-AUG-2026	112325.83
159795392	Put	Purchased	220792000			1.12	13-JAN-2026	-784238.34
156422121	Call	Purchased	1			4.08	24-APR-2030	-35229.54
159176237	Call	Written	100			80	17-OCT-2025	535626.8
159178380	Call	Purchased	1			2.9	17-AUG-2026	-6745.78
159184905	Call	Purchased	100			250	21-NOV-2025	402788.39
158644089	Call	Written	100			400	16-JAN-2026	855200.46
160936545	Call	Purchased	1			11.5	31-MAR-2040	.16
159275452	Call	Written				3.51	06-OCT-2025	173776.33
159271628	Put	Written				111	24-OCT-2025	19609.91
159189862	Put	Written	100000			108.75	24-OCT-2025	-56563.9
159178062	Put	Written	1			157	14-NOV-2025	343754.4
159169954	Put	Purchased	1			29.7	16-OCT-2025	-419322.18
159172132	Call	Purchased	1			19.2	29-OCT-2025	-739696.32
159166770	Call	Written	100			900	21-NOV-2025	289719.07
159176432	Put	Written	1			3.9	22-DEC-2025	1102306.58
159160455	Call	Purchased	1			11.5	30-APR-2026	7194.68
159175707	Put	Written	1			3.77	20-NOV-2025	380255.18
159179436	Put	Written	1			1.14	08-OCT-2025	1640854.81
159167475	Put	Written	1			142	09-OCT-2025	292677.1
159166948	Call	Purchased	1			3.65	26-NOV-2025	-4437439.59
158644107	Call	Written	100			300	19-DEC-2025	-2714024.24
159272969	Call	Purchased				7.8	14-AUG-2026	-18465.46
159794388	Call	Written	-440817500			3	13-FEB-2026	893091.85
158881780	Call	Purchased	1			1	31-MAR-2040	0
159388221	Put	Purchased				2.17	19-JUL-2032	1586407.98
159422367	Call	Purchased				2.18	21-JUL-2032	-23946241.11
158502015	Call	Purchased	1			.01	30-DEC-2029	33899.88
156387362	Put	Written	100			6460	09-SEP-2025	-11051.46
156390017	Put	Written	100			6375	05-SEP-2025	21445.32
156388138	Put	Written	100			6330	29-AUG-2025	35572.04
156393338	Put	Written	100			6330	16-SEP-2025	234802.44
156389512	Put	Purchased	100			5825	16-SEP-2025	-2920.68
159370212	Call	Purchased				4.64	23-JUL-2035	-3285649.36
159370667	Put	Written				4.2	07-OCT-2025	183541.39
159371817	Put	Purchased				4.4	25-JUN-2035	-2414356.7
156400271	Put	Purchased	1			4.146	30-JUL-2030	-4445.34
156397056	Put	Purchased	.01			.6225	14-OCT-2025	-29168.33
159183552	Put	Written	1			75	18-MAR-2026	-1313.59
159178216	Put	Written	1			137	31-OCT-2025	2097326.4
159174309	Call	Purchased	1			11.5	03-DEC-2028	-296156.52
159182884	Put	Purchased	1			3.7	09-DEC-2025	-2090426.91
158644035	Call	Written	100			105	16-JAN-2026	2893374.06
158643985	Call	Written	100			760	16-JAN-2026	-1474519.8
156084155	Call	Purchased	1000000			96.125	12-SEP-2025	-2147910.26
159284702	Put	Written				3.67	14-OCT-2025	-113865.12
157701883	Call	Written	100			80	19-DEC-2025	928235.5
160530842	Put	Written		-1000000000	USD	65	19-NOV-2025	254208.02
156086883	Call	Purchased	180549			0	31-MAR-2040	0
159181295	Put	Purchased	100			236	30-SEP-2025	-74973.45
159160650	Put	Purchased	1			2.7	24-JUN-2026	179967.61
159176665	Put	Written	100			600	17-OCT-2025	13991.23
159182898	Put	Written	100			260	21-NOV-2025	138964.61
159178524	Put	Purchased	1			1.165	07-OCT-2025	-166439.46
159182169	Call	Purchased	1			1	11-APR-2030	567647.16
158643965	Call	Written	100			610	16-JAN-2026	234468.96
158643893	Call	Written	100			215	16-JAN-2026	-10127258.72
158644013	Call	Written	100			200	16-JAN-2026	-746113.92
159793686	Call	Written	-135871875			2.71	19-AUG-2026	41136.57
159346472	Call	Written				3.51	06-OCT-2025	6528.27
156389480	Put	Purchased	100			6070	09-SEP-2025	-2101.68
156388003	Put	Purchased	100			5850	23-SEP-2025	-9330.72
159170936	Call	Purchased	100			175	21-NOV-2025	-11112.13
159161040	Put	Purchased	1			137	31-OCT-2025	-1966470.14
159184369	Put	Written	1			3.45	17-DEC-2025	-82842.44
159188718	Put	Written	1			146.5	01-OCT-2025	27880.81
159189787	Call	Purchased	1			7.15	31-OCT-2025	-329674.05
159370110	Put	Purchased				4.07	16-OCT-2025	675.45
159369153	Call	Purchased				2.5	29-MAY-2026	-398167
159371156	Put	Written				4.2	07-OCT-2025	281029.56
159371107	Call	Purchased				4.52	29-MAY-2035	-1058794.17
159374992	Put	Purchased				5.5	30-JAN-2026	-695772.84
156405000	Call	Purchased	1			3.9025	14-APR-2026	-100243.66
156408586	Call	Purchased	1			4.075	24-APR-2030	-60161.85
159164557	Call	Purchased	1			8.465	16-MAY-2034	3286960.2
159175197	Call	Written	100			82	16-JAN-2026	31979.68
159180593	Put	Purchased	1			6038.34	01-OCT-2025	-352750.83
159181837	Put	Purchased	100			79	17-OCT-2025	-902395.14
159172643	Call	Purchased	100			100	19-DEC-2025	-81980.97
159181046	Put	Written	1			24400	28-OCT-2025	-662894.98
159182367	Call	Purchased	100			700	21-NOV-2025	-125252.69
159185460	Call	Purchased	1			1.18	02-OCT-2025	-11031.56
159186671	Put	Purchased	1			3.67	20-NOV-2025	-260805.2
159174195	Call	Purchased	1			.01	30-DEC-2029	133462.11
159184708	Put	Written	100			6400	07-NOV-2025	486445.75
158643954	Call	Written	100			500	18-JUN-2026	-3605634
159794088	Put	Purchased	27674000			123.5	20-MAY-2026	-370051.35
159369906	Put	Purchased				4.64	23-JUL-2035	-2417183.16
158359278	Put	Purchased	1			3.8	10-AUG-2026	14860.19
160007836	Call	Purchased	1			15.5	07-OCT-2026	904.4
159270110	Put	Purchased				1.15	08-OCT-2025	-514715.88
159275286	Put	Purchased				5.47	18-NOV-2025	275781.8
157756445	Call	Purchased	639.28			29.99	09-FEB-2026	-261271.47
157702662	Call	Written	100			105	19-DEC-2025	-775882.25
159376549	Put	Purchased				98.97	04-DEC-2025	-79454.33
159366963	Call	Written				3.45	30-SEP-2025	896775.57
159367026	Call	Purchased				4.46	06-AUG-2035	-2682385.14
158356082	Put	Purchased	1			3.853	16-SEP-2030	-36550.86
159269962	Put	Purchased				24.2	11-MAR-2026	13460.77
159275398	Put	Written				2.85	02-OCT-2025	13272.41
159387075	Put	Written				.03	23-JUL-2026	1941899.4
157701990	Put	Written	100			70	17-OCT-2025	727152.75
157701610	Put	Written	100			380	21-NOV-2025	1487066.37
157702397	Call	Written	100			85	17-OCT-2025	-1422897.25
159370861	Put	Purchased				98.95	04-DEC-2025	-23376.6
159372416	Put	Purchased				4.44	18-JUN-2035	-1659009.15
159370715	Put	Purchased				4.49	07-AUG-2035	-1838301.3
159276150	Call	Written				3.51	06-OCT-2025	17752.65
159284395	Put	Purchased				1.12	14-OCT-2025	-568386.46
157702859	Put	Written	100			275	19-DEC-2025	-965867.25
157701932	Call	Written	100			295	21-NOV-2025	-6675164.5
156393867	Put	Written	.01			94.875	08-SEP-2025	25030.23
156457152	Call	Purchased	1			3.8	10-AUG-2026	-362254.62
160526036	Call	Purchased		381470000	USD	1.303	13-MAY-2026	-284064.61
158975506	Call	Purchased	1			35	16-APR-2027	30.84
159376291	Put	Purchased				5	20-MAR-2026	-386428.03
159370118	Put	Purchased				99.16	07-OCT-2025	-425542.69
159375707	Put	Purchased				5	16-DEC-2025	-354364.56
158360844	Put	Purchased	1			4.065	02-MAY-2030	-146558.26
158359586	Put	Purchased	1			3.853	16-SEP-2030	-11374.91
159440478	Put	Purchased				2.11	26-JUL-2032	20950246.71
159275557	Put	Purchased				1.13	10-OCT-2025	-269354.89
157702593	Call	Written	100			35	21-NOV-2025	-752496.75
156397813	Call	Purchased	1			4.427	06-AUG-2035	-32556.53
159369251	Put	Written				3.99	07-OCT-2025	48107.97
159366735	Put	Written				.03	26-JAN-2027	13555741.6
156359343	Call	Purchased	1			3.8	10-AUG-2026	-87688.13
159180529	Call	Purchased	1			1	20-SEP-2032	1110.33
159183536	Call	Purchased	100			185	21-NOV-2025	293151.93
159185790	Call	Purchased	1000			46000	14-NOV-2025	-908197.26
159178389	Call	Purchased	100			2.5	17-OCT-2025	2876.82
156362274	Call	Purchased	1			3.804	25-AUG-2026	-109619.33
156359103	Put	Purchased	1			3.837	22-JUL-2026	-5450.99
156394765	Call	Purchased	1			3.245	07-AUG-2026	-1478.92
159343153	Call	Written				3.4	06-OCT-2025	110288.5
160531006	Call	Written		-1500000000	USD	50	21-JAN-2026	222694.97
159271771	Put	Purchased				24.1	13-MAR-2026	-602.49
159276313	Call	Purchased				7.8	14-AUG-2026	-10191.94
159794511	Call	Written	-135871875			2.94	18-FEB-2026	16137.5
156391247	Call	Purchased	1			4.628	20-AUG-2035	-32948.92
158506193	Call	Purchased	1			11.5	04-JUN-2026	-103622.76
156387652	Put	Purchased	100			6000	19-SEP-2025	1285.32
156393300	Put	Written	100			6385	02-SEP-2025	24955.32
160530089	Call	Written		-2250000000	USD	47.5	17-DEC-2025	-138395.5
160529378	Put	Written		-545000000	USD	70	21-JAN-2026	76892.13
159367393	Put	Purchased				96.98	07-OCT-2025	-355037.57
156349173	Call	Purchased	1			4.146	30-JUL-2030	-187561.7
159166867	Put	Written	1			4.2	22-DEC-2025	477381.98
159180968	Call	Written	100			81	19-DEC-2025	-539520.27
159182453	Call	Purchased	100			240	17-OCT-2025	152528.22
159188376	Call	Written	1			7.75	16-OCT-2025	242557.34
157666197	Call	Purchased	1000000			96.5	12-DEC-2025	-1535446.92
158243510	Call	Written	-90700000			2.7	26-MAR-2026	-197148.81
159276566	Put	Written				5.28	10-DEC-2025	-147482.95
157288381	Put	Purchased	1			4.03	27-FEB-2026	-1687588.1
159794935	Call	Written	-217395000			2.685	14-AUG-2026	102543.05
159793642	Put	Purchased	283040000			1.01	24-NOV-2025	-4181358.78
159383227	Put	Written				41.6	12-NOV-2025	119046.4
157701672	Call	Written	100			240	21-NOV-2025	539128.75
157703119	Put	Written	100			225	21-NOV-2025	4396035.5
157702103	Call	Written	100			330	19-DEC-2025	1587528.75
157701723	Put	Written	100			50	21-NOV-2025	-121734.5
157703062	Put	Written	100			185	19-DEC-2025	2679757.5
156393560	Call	Purchased	1			3.222	04-AUG-2026	-1790.27
159268499	Call	Written				5.77	07-NOV-2025	539416.2
159276065	Call	Written				5.8	18-NOV-2025	222892.5
159299903	Call	Written				130.5	24-OCT-2025	403461.61
157702198	Call	Written	100			420	21-NOV-2025	-4029264.5
157701664	Put	Written	100			75	21-NOV-2025	360257.5
157702503	Put	Written	100			210	21-NOV-2025	3228017.75
157702052	Put	Written	100			65	21-NOV-2025	90135.5
157702746	Put	Written	100			105	16-JAN-2026	-463469
158496859	Call	Purchased	1			11.5	27-DEC-2027	-72390.16
156389378	Put	Purchased	100			5900	29-AUG-2025	-4957.96
160404672	Call	Purchased	91400000			3.3	28-JAN-2026	-186602.24
159180833	Put	Purchased	1			3.75	18-DEC-2025	-46148.58
159178465	Call	Purchased	1			1.215	22-DEC-2025	-230322.91
158243405	Put	Purchased	64300000			3.9	01-OCT-2025	-545739.82
158643939	Call	Written	100			850	16-JAN-2026	526791
157703158	Call	Written	100			125	16-JAN-2026	939531
156399422	Put	Purchased	100			5750	03-SEP-2025	-75616.62
156380028	Call	Purchased	1			3.804	25-AUG-2026	-90743.4
156388534	Call	Written	100			300	19-SEP-2025	165838.49
156388616	Put	Written	100			6360	29-AUG-2025	20740.32
156396008	Put	Written	100			6360	24-SEP-2025	-54945.7
156388573	Put	Purchased	100			6260	05-SEP-2025	505.32
159184754	Put	Purchased	1			60	18-FEB-2026	-730.5
159184738	Call	Written	1			2.4	17-AUG-2026	69825.05
159189886	Put	Written	1			104.5	15-OCT-2025	5998.99
159177554	Call	Purchased	1			3.8	14-JAN-2026	-163866.38
159186869	Call	Purchased		720000000	JPY	0	31-MAR-2026	177040.78
159367526	Call	Purchased				2.5	20-FEB-2026	-242767.8
158356162	Call	Purchased	1			3.853	16-SEP-2030	22143.34
156417072	Put	Purchased	1			4.065	02-MAY-2030	-20170.1
156414503	Call	Purchased	1			3.753	31-OCT-2029	-23795.39
156421877	Put	Purchased	1			3.753	31-OCT-2029	-86775.46
159794416	Call	Written	-440817500			3	13-FEB-2026	882071.41
159291794	Call	Written				2.55	17-OCT-2025	76493.59
157701693	Put	Written	100			350	19-DEC-2025	831808.87
157701653	Call	Written	100			100	19-DEC-2025	808335.5
156392740	Put	Purchased	1			4.427	06-AUG-2035	14719.38
158506613	Put	Written	100000			106	24-OCT-2025	74193.46
156371584	Put	Purchased	1			3.804	25-AUG-2026	87166.7
156388017	Put	Purchased	100			6100	12-SEP-2025	655.32
156406393	Call	Written	1			3.52	04-SEP-2025	10739.95
156386997	Put	Purchased	100			5575	05-SEP-2025	-6620.46
156420034	Call	Purchased	1			4.01	20-DEC-2029	-16835.72
159795418	Put	Purchased	70580000			2.73	01-APR-2026	-1018052.98
159794374	Put	Written	-12741000			130	19-NOV-2025	99676.03
159794405	Call	Written	-135871875			2.853	13-FEB-2026	176368.49
160909220	Call	Purchased	1.541775			.56	10-JUN-2071	-.28
159301301	Call	Written				3.55	27-OCT-2025	-50534.4
157701747	Call	Written	100			190	21-NOV-2025	-1888434.5
156456310	Call	Purchased	1			3.753	31-OCT-2029	-209523.02
158496125	Call	Purchased	1			11.5	03-NOV-2026	-18315.15
159373934	Put	Written				.02	01-OCT-2027	6325880
159370838	Put	Purchased				5	24-OCT-2025	-338786.38
159373630	Call	Purchased				4.52	13-AUG-2035	-3307618.8
156420473	Put	Purchased	1			4.075	24-APR-2030	-50817.11
156404366	Call	Written	1			3.645	29-AUG-2025	10449.62
160028940	Call	Purchased	1			.7	13-AUG-2025	0
159184512	Call	Written	100000			115.5	24-OCT-2025	77412.85
159180558	Call	Purchased	100			40	22-OCT-2025	-35409.59
159178767	Put	Written	1			3.1	24-JUN-2026	-52196.22
159179049	Put	Written	1			3.85	20-NOV-2025	421744.17
159178249	Call	Purchased	1			11.5	27-DEC-2027	5919.84
159167997	Call	Written	1			535	11-DEC-2025	8776
158644080	Call	Written	100			370	16-JAN-2026	1782588.33
158643887	Call	Written	100			97.5	16-JAN-2026	1853940.45
159275106	Put	Purchased				393	12-NOV-2025	134883.33
159269749	Put	Purchased				1.1	17-DEC-2025	-483945.16
159367969	Call	Purchased				4.46	01-AUG-2035	-3517103.68
160529540	Put	Purchased		1300000000	USD	55	19-NOV-2025	-1879476.66
156400345	Put	Written	1			3.995	29-AUG-2025	5774.79
159189799	Put	Purchased	1			24	22-DEC-2025	-60808.08
159188438	Call	Purchased	1			1.185	20-NOV-2025	-40974.9
159164821	Put	Written	100			160	17-OCT-2025	35124.32
159177311	Call	Purchased	1			471.22	11-DEC-2025	135767.52
158643917	Call	Written	100			840	16-JAN-2026	1746562.5
158644010	Call	Written	100			190	16-JAN-2026	-1119777.6
156389151	Put	Written	100			6455	12-SEP-2025	-9664.68
159370557	Put	Written				4.27	07-OCT-2025	354530.67
156401759	Call	Purchased	1			4.03	25-APR-2030	-43510.6
159182798	Put	Purchased	100			80	17-OCT-2025	-39393.81
159187199	Call	Written	1			3.15	26-NOV-2025	1472541.56
159160870	Call	Purchased	100			250	21-NOV-2025	196846.54
159178111	Call	Purchased	.06667			11.5	01-SEP-2026	-873287.94
158643959	Call	Written	100			580	16-JAN-2026	243034.73
159793779	Put	Written	-135871875			3.94	18-FEB-2026	244053.07
159341389	Call	Written				3.33	14-OCT-2025	96209.05
159346530	Call	Written				2.61	02-OCT-2025	92656.03
159369946	Put	Purchased				4.74	30-OCT-2025	-713197.4
159370538	Put	Purchased				4.69	27-AUG-2035	-1859948.7
159368309	Put	Purchased				.03	01-OCT-2027	-16173520
159370135	Put	Purchased				4.4	25-JUN-2035	-2098733.25
157702779	Call	Written	100			175	19-DEC-2025	990357.5
156389427	Call	Purchased	.01			7.8	14-AUG-2026	-780.77
156451748	Put	Purchased	1			3.9025	14-APR-2026	-63018.1
159343816	Call	Written				130.5	24-OCT-2025	56523.17
158503881	Call	Purchased	1			11.5	24-SEP-2026	-181009.99
156380576	Call	Purchased	1			4.01	20-DEC-2029	-107748.64
156389723	Call	Written	100			750	17-OCT-2025	5562.9
156388148	Put	Written	100			6395	05-SEP-2025	20819.54
159369994	Put	Purchased				4.26	01-MAY-2035	-888051.6
159372196	Put	Purchased				4.31	08-JUN-2026	-3022448.4
159369067	Put	Purchased				3.63	14-SEP-2026	357224.24
156406048	Put	Purchased	.01			1.1315	10-OCT-2025	-66540.82
156402657	Call	Purchased	.01			10.125	14-OCT-2025	-11985.44
156393226	Put	Written	100			6390	10-SEP-2025	-33384.08
156456472	Put	Purchased	1			3.95	29-APR-2030	-184150.15
158504478	Put	Purchased		198796000	USD	150	20-NOV-2025	-387042.5
156378331	Put	Purchased	1			4.065	02-MAY-2030	-119293.19
156387569	Put	Written	100			6270	29-AUG-2025	46093.04
156389468	Put	Written	100			6295	29-AUG-2025	37726.32
159178085	Put	Written	100			210	17-OCT-2025	1642.26
159173798	Call	Written	1			3.1	18-NOV-2025	745817.9
159171065	Put	Written	100			76	17-OCT-2025	131754.8
158643844	Call	Written	100			35	16-JAN-2026	-35369.64
159439298	Call	Purchased				2.11	26-JUL-2032	-17127858.17
159276439	Put	Purchased				5.47	10-DEC-2025	436260.48
159794322	Put	Purchased	56463000			2.642	01-APR-2026	-764740.52
159794437	Call	Purchased	440817500			3.5	13-FEB-2026	251464.38
157703073	Put	Written	100			125	21-NOV-2025	327828.75
157702702	Put	Written	100			60	21-NOV-2025	2261235.5
157702840	Call	Written	100			270	21-NOV-2025	506382.75
159161403	Call	Purchased	.04			11.5	02-AUG-2026	53.32
159184893	Put	Written	1			18	15-DEC-2025	-208174.26
159181117	Call	Purchased	1			69	15-JUN-2027	-112512.97
159184804	Put	Written	50			195	17-OCT-2025	137612.06
159178659	Call	Purchased	1			3.95	30-SEP-2035	.64
159176345	Call	Written	100			200	21-NOV-2025	-140237.18
159169773	Call	Written	1000			48000	14-NOV-2025	72909.2
158243415	Call	Purchased	64300000			3.5	01-OCT-2025	-545675.52
158643988	Call	Written	100			780	16-JAN-2026	-1168783.5
158643838	Call	Written	100			35	19-DEC-2025	-4853067.3
159268652	Put	Written				3.7	06-OCT-2025	79162.15
157679965	Call	Purchased	3181.75			8050	12-AUG-2026	-3026770.38
157820478	Call	Purchased	1			.01	30-JUL-2035	0
159188294	Put	Purchased	100			6500	21-NOV-2025	-7124.08
159186452	Call	Purchased	100000			114.5	24-OCT-2025	-180568.6
159164888	Put	Purchased	1			87	14-NOV-2025	-252603.16
159179080	Put	Written	1			1.16	16-OCT-2025	76304.43
159187421	Put	Purchased	1			1.175	01-OCT-2025	-298160.5
159181725	Put	Purchased	1			43	21-NOV-2025	35567.67
159162897	Put	Written	1			80	18-MAR-2026	89867.59
159183322	Put	Purchased	1			17.2	13-NOV-2025	12605.05
158644006	Call	Written	100			590	16-JAN-2026	200437.65
157820019	Call	Purchased	1			2.28	08-MAR-2029	1040071.25
159384325	Call	Written				.02	08-AUG-2026	94077.42
160753472	Call	Purchased	437			47.5	25-APR-2028	655.5
159342578	Call	Written				113.5	24-OCT-2025	-9801.51
159342877	Call	Written				129.5	24-OCT-2025	-15655.39
158505546	Call	Purchased	1			1	11-APR-2030	144184.7
158505482	Call	Purchased	1			.01	25-APR-2035	48729.99
156387301	Put	Written	100			6430	02-SEP-2025	13133.82
156387778	Put	Written	100			6325	19-SEP-2025	18684.54
156391370	Put	Purchased	100			5655	29-AUG-2025	-5797.96
159372065	Put	Written				4.08	06-NOV-2025	124024.32
158355617	Call	Purchased	1			3.837	22-JUL-2026	-522637.52
158353597	Call	Purchased	1			4.065	02-MAY-2030	-408599.63
156346479	Call	Purchased	1			4.065	02-MAY-2030	-164659.46
160532434	Put	Written		-1000000000	USD	75	21-JAN-2026	410403.85
156390423	Call	Written	1			3.523	09-SEP-2025	9155.15
159185172	Put	Purchased	100			6200	07-NOV-2025	-338445.04
159187606	Call	Purchased	1			7.5	10-OCT-2025	1960043.78
159161051	Call	Purchased	1			.01	17-NOV-2030	289692.51
159182895	Call	Written	100			210	21-NOV-2025	-127334.07
159173997	Call	Written	1			3.5	14-JAN-2026	293820.07
159176560	Put	Purchased	100			1600	17-OCT-2025	-823782.95
159178455	Call	Purchased	200000			104.25	24-OCT-2025	47598.83
159180589	Put	Purchased	1			11.9	10-FEB-2026	-167156.22
158644114	Call	Written	100			260	16-JAN-2026	439211.5
159272294	Put	Purchased				1.12	14-OCT-2025	-138184.59
159270536	Put	Purchased				1.13	14-OCT-2025	-259344.65
156394031	Call	Written	.01			7.85	14-AUG-2026	-1120.63
156460044	Put	Purchased	1			4.075	24-APR-2030	-325446.77
156390948	Put	Written	100			6470	05-SEP-2025	-9814.68
160385190	Call	Purchased	128600000			3.3	28-JAN-2026	-262549.76
159369601	Put	Purchased				4.66	20-AUG-2035	-2367621.84
159374046	Put	Purchased				4.75	14-OCT-2025	-586483.94
160531588	Call	Written		-280187500	USD	3.41	22-DEC-2032	1521728.4
160533104	Put	Written		-1000000000	USD	65	19-NOV-2025	229208.02
156420609	Put	Written	1			3.98	29-AUG-2025	9493.4
158981594	Call	Purchased	1			2.45	31-DEC-2099	150379.32
159179142	Put	Purchased	1			196	04-DEC-2025	-195389.56
159188516	Call	Purchased	1			7.5	16-OCT-2025	1455786.93
159186745	Call	Purchased	100			120	21-NOV-2025	-147223.45
159178447	Call	Purchased	1			1.17	02-OCT-2025	-221723
159184153	Call	Purchased	1			.3414	31-JAN-2024	927820.45
159275738	Put	Purchased				1.11	24-NOV-2025	-443945.57
159272736	Call	Written				3.38	14-OCT-2025	33180
157703140	Put	Written	100			60	19-DEC-2025	1353665.5
157701598	Call	Written	100			150	19-DEC-2025	-3119967.25
157703376	Put	Written	100			1030	21-NOV-2025	1285653.1
156394629	Call	Written	1			3.29	30-OCT-2025	151767.01
156445257	Put	Purchased	1			4.01	07-MAY-2030	-456054.06
156367709	Call	Purchased	1			4.065	02-MAY-2030	-125607.67
156392532	Put	Written	100			6415	09-SEP-2025	7447.32
156393072	Put	Purchased	100			5665	29-AUG-2025	-6378.96
159376380	Put	Written				.03	01-OCT-2027	12123232
159373600	Call	Written				93.48	07-OCT-2025	-4660.6
159373184	Call	Purchased				2.75	10-NOV-2025	-746032.14
159368843	Put	Purchased				6	17-OCT-2025	-1274081.4
158352787	Put	Purchased	1			3.565	15-SEP-2026	-88694.71
158711214	Call	Purchased	1			35	16-APR-2027	107.67
156405985	Put	Purchased	1			3.804	25-AUG-2026	11734.73
159183501	Call	Written	1			3.7	27-OCT-2025	215694.95
159172484	Put	Written	100			6300	07-NOV-2025	404637.12
159184098	Put	Purchased	1			3.8	22-DEC-2025	-1393899.16
159184657	Call	Purchased	1			.01	07-OCT-2032	5464223.54
159162758	Call	Written	1			3.5	30-OCT-2025	518069.1
159188803	Call	Written	1			3.7	27-OCT-2025	112788.62
157666206	Put	Purchased	1000000			95.6875	12-DEC-2025	-9532123.28
158243472	Call	Purchased	11700000			3.8	25-MAR-2026	321146.24
158243048	Put	Purchased	1396			96.6875	12-DEC-2025	145505.08
159439445	Call	Written				.03	25-JUL-2026	12431407.05
159439561	Call	Written				.03	23-JUL-2026	6422248
159269111	Put	Purchased				1.11	26-NOV-2025	-18275.31
159795219	Call	Written	-190220625			2.64	13-AUG-2026	129802.75
157702299	Put	Written	100			200	19-DEC-2025	-2271634.5
157703178	Put	Written	100			145	19-DEC-2025	778235.5
157702248	Call	Written	100			52.5	21-NOV-2025	1409835.5
157701639	Call	Written	100			500	19-DEC-2025	-4183035.63
156372938	Call	Purchased	1			4.075	24-APR-2030	-213473.92
156381775	Put	Purchased	1			4.08	24-APR-2030	-158687.38
156370725	Put	Purchased	1			4.03	25-APR-2030	-104091.97
156389403	Put	Written	100			6225	02-SEP-2025	376614.18
156389120	Put	Purchased	100			5750	17-SEP-2025	-36874.08
156398799	Put	Written	100			6310	10-SEP-2025	168283.3
156397486	Call	Written	.01			54	16-DEC-2025	30093.42
156449310	Call	Purchased	1			4.03	25-APR-2030	-350669.57
160530581	Put	Written		-2250000000	USD	70	17-DEC-2025	725449.92
156413301	Put	Written	100000			127.5	26-SEP-2025	600.75
156401051	Call	Purchased	1			4.146	30-JUL-2030	-9572.38
159795426	Put	Purchased	27674000			123.5	20-MAY-2026	-1586986.48
159389361	Put	Written				.03	25-JUL-2026	3077840.14
159387968	Put	Written				.02	08-AUG-2026	881813.26
159285889	Put	Purchased				1.1	17-DEC-2025	-996368.7
156394535	Put	Purchased	1			5.85	21-NOV-2025	-7730.91
159346454	Put	Written				3.81	06-OCT-2025	160869.3
156387799	Put	Purchased	100			5680	29-AUG-2025	-5335.68
156392017	Put	Purchased	100			6050	16-SEP-2025	889.32
159369445	Call	Purchased				2.7	23-MAR-2026	-59950.35
160529817	Put	Written		-1500000000	USD	75	21-JAN-2026	180605.77
159794017	Put	Written	-217395000			3.685	14-AUG-2026	166822.4
159794887	Put	Written	-41765000			130	19-NOV-2025	316046.2
156084898	Call	Purchased	1000000			98	12-SEP-2025	-411649.02
159343162	Put	Written				2.75	17-OCT-2025	1723.72
158502642	Call	Purchased	1			8.465	16-MAY-2034	792502.24
156377012	Put	Purchased	1			3.95	29-APR-2030	-200793.67
156391297	Put	Written	100			6395	19-SEP-2025	68716.74
160384688	Put	Written	-128600000			3.79	28-JAN-2026	-427479.26
159370605	Put	Purchased				4.25	20-FEB-2035	-1419246.9
159372149	Put	Purchased				5	03-APR-2026	-450928.7
159372128	Put	Purchased				4.31	02-MAY-2035	-719248.95
159368965	Put	Purchased				5.5	17-OCT-2025	-766320.9
159370485	Call	Purchased				4.1	06-FEB-2035	-1472803.02
158359851	Put	Purchased	1			3.95	29-APR-2030	-114247.48
156412933	Put	Purchased	1			4.33	14-OCT-2025	-175187.99
156401841	Put	Purchased	.01			1.129	14-OCT-2025	-80880.57
159272719	Call	Written				3.4	06-OCT-2025	178037.15
159269740	Call	Written				7.85	14-AUG-2026	-7107.72
158505322	Call	Written	100			82	16-JAN-2026	29471.19
159368929	Put	Purchased				4.43	06-AUG-2035	-1916114.54
159187161	Put	Written	1			70	21-JAN-2026	99.22
159161090	Call	Purchased	1			1	06-JUN-2034	-8035.97
159287218	Put	Written				3.81	06-OCT-2025	277262.97
157703087	Put	Written	100			225	21-NOV-2025	625182.75
156390801	Put	Purchased	.01			99.546875	06-NOV-2025	-14948.59
156382470	Put	Purchased	1			3.753	31-OCT-2029	-782106.08
156388349	Put	Written	100			6435	29-AUG-2025	15340.32
156387793	Put	Written	100			6395	12-SEP-2025	177026.64
156361529	Call	Purchased	1			4.01	07-MAY-2030	-57389.44
159184674	Put	Purchased	1			60	21-JAN-2026	-3192.44
159160413	Put	Purchased	100			232	30-SEP-2025	-105331.42
158643979	Call	Written	100			660	16-JAN-2026	-4701594.65
158644101	Call	Written	100			110	16-JAN-2026	9610.82
159269160	Put	Purchased				24.2	05-MAR-2026	56534.64
159794044	Put	Written	-217395000			3.685	14-AUG-2026	172257.28
159795195	Put	Written	-135871875			3.89	20-FEB-2026	205394.8
159165688	Call	Purchased	1			.01	25-APR-2035	213862
159187082	Put	Purchased	1			1.335	21-OCT-2025	-111558.36
159182707	Put	Purchased	1			388	07-NOV-2025	259202.51
159176167	Call	Purchased	1			1.185	16-OCT-2025	-13604.85
159181181	Call	Purchased	100			22	17-OCT-2025	-51084.73
159168273	Call	Purchased	100			48	17-OCT-2025	-251589.68
159168564	Put	Written	100			160	21-NOV-2025	79049.72
159182990	Call	Purchased		1170000000	JPY	0	08-MAR-2029	260488.88
159285342	Call	Written				3.4	06-OCT-2025	181188.25
159283378	Call	Written				114	24-OCT-2025	243108.49
159282214	Put	Written				2.85	02-OCT-2025	163616.42
157702677	Put	Written	100			200	21-NOV-2025	-460871.25
156399054	Put	Purchased	1			5.85	24-NOV-2025	-3199.2
156444905	Put	Purchased	1			4.025	23-APR-2030	-640010.39
156387226	Put	Written	100			6400	23-SEP-2025	3737.79
159371442	Put	Purchased				5.5	22-OCT-2025	-373679.8
159370251	Call	Purchased				2.5	17-JUN-2026	-506418.5
156360058	Put	Purchased	1			4.065	02-MAY-2030	-156381.79
160532278	Call	Written		-500000000	USD	99	17-DEC-2025	837224.61
156412901	Call	Written	1			3.597	26-SEP-2025	-7375.89
159305032	Put	Purchased				1.1	23-DEC-2025	-1175844.5
157701715	Call	Written	100			340	19-DEC-2025	1743343
156397555	Call	Purchased	1			4.656	20-AUG-2035	-4611.11
156393459	Put	Purchased	1			4.11	23-AUG-2027	86938.54
156391273	Put	Written	100			6250	10-SEP-2025	216526.45
156391793	Put	Written	100			6435	26-SEP-2025	-11093.46
156388983	Put	Written	100			6390	29-AUG-2025	26020.32
159273013	Call	Written				3.38	10-OCT-2025	159824.44
159271792	Put	Purchased				1.1	23-DEC-2025	-384502.16
159367986	Put	Purchased				5	30-SEP-2025	-896660.85
159373670	Call	Purchased				3.23	06-OCT-2025	-312511.68
160532647	Call	Written		-1300000000	USD	47.5	19-NOV-2025	272424.85
156400950	Call	Written	100000			130.5	26-SEP-2025	8124.04
160002938	Call	Purchased	1			32	30-OCT-2026	23586
159297764	Put	Purchased				.62	14-OCT-2025	-92042.71
157756438	Call	Purchased	.199506			.56	10-JUN-2071	-.04
157701896	Put	Written	100			440	19-DEC-2025	642064.37
158505110	Put	Purchased	100000			111	24-OCT-2025	-376556.56
156369882	Put	Purchased	1			4.01	20-DEC-2029	-94003.04
156376298	Put	Purchased	1			3.8	10-AUG-2026	183.35
156389598	Put	Written	100			6445	19-SEP-2025	-9904.68
159376313	Put	Purchased				5.25	03-MAR-2026	-198462
159370131	Put	Purchased				5	30-MAR-2026	-307404.31
158355561	Call	Purchased	1			3.95	29-APR-2030	-136989.51
156345891	Put	Purchased	1			4.108	28-JAN-2026	473452.55
156394207	Put	Purchased	1			3.9	08-JUL-2026	5528.95
159185294	Put	Purchased	100			235	17-OCT-2025	5888.49
159168723	Call	Purchased	1			1	22-OCT-2030	-50287.45
159174961	Call	Written	1			3	30-SEP-2025	1859547.4
159179554	Call	Purchased	100			105	21-NOV-2025	-124986.9
159187541	Call	Purchased	1			11.5	31-DEC-2025	128.14
159183772	Call	Written	1			30.5	16-OCT-2025	59526.41
159168895	Put	Purchased	1			107	15-OCT-2025	-68991.84
159187505	Put	Written	1			2.07	11-MAR-2026	-37591.56
158243039	Put	Written	-1396			96.75	12-DEC-2025	-107519.92
158243451	Put	Purchased	182300000			3.515	03-SEP-2027	-109886.35
158644125	Call	Written	100			340	16-JAN-2026	-1096435.16
158644092	Call	Written	100			395	18-JUN-2026	377104
159429801	Call	Written				.02	08-AUG-2026	1108246.65
159794165	Put	Purchased	-135871875			1.12	14-JAN-2026	-445987.81
159795122	Put	Written	-135871875			3.94	18-FEB-2026	250846.66
159301328	Call	Written				129.5	24-OCT-2025	-26252.89
157702771	Call	Written	100			100	21-NOV-2025	422457.5
156448110	Call	Purchased	1			3.795	30-OCT-2029	-37611.59
159168824	Call	Purchased	1			.01	07-JUL-2033	2182367.09
159166188	Put	Purchased	1			65	18-MAR-2026	-32103.57
159188765	Call	Purchased	1			11.5	24-SEP-2026	-208192.57
159178666	Put	Written	1			3.55	26-DEC-2025	92744.11
158643974	Call	Written	100			670	18-JUN-2026	368727
159794857	Call	Written	-440817500			3	13-FEB-2026	893091.85
159387693	Put	Purchased				2.11	26-JUL-2032	1807889.31
159383738	Call	Purchased				2.18	21-JUL-2032	-2067399.89
160005461	Call	Purchased	1			1	31-MAR-2040	0
156395676	Call	Purchased	1			3.75	30-OCT-2025	-153592.38
156393626	Put	Purchased	1			3.1625	23-AUG-2027	-207098.39
158504539	Put	Written		-425204000	USD	6.85	16-JAN-2026	825786.76
156407792	Call	Purchased	.01			10.2	26-NOV-2025	-51219.63
160022448	Call	Purchased	1			1	15-OCT-2026	0
159188482	Put	Written	1			3.85	18-DEC-2025	58257.72
159160749	Put	Written	1000			56	16-OCT-2025	60633
159183906	Call	Purchased	100			360	21-NOV-2025	-318717.93
159187544	Call	Purchased		720000000	JPY	0	30-MAR-2029	99014.02
159187987	Call	Written	1			3.07	21-NOV-2025	747765.23
159189011	Call	Purchased	1			7.5	10-APR-2026	256969.75
158243443	Put	Written	-50000000			3.92	03-SEP-2027	227412.35
158643927	Call	Written	100			100	16-JAN-2026	-243613.24
158643971	Call	Written	100			640	16-JAN-2026	482659.5
158643768	Call	Written	100			245	16-JAN-2026	-5433230.34
159271167	Put	Purchased				.63	08-OCT-2025	-157140.83
159795211	Call	Purchased	440817500			3.5	13-FEB-2026	273505.22
159795437	Call	Written	-135871875			2.929	19-FEB-2026	22984.08
159793956	Call	Purchased	440817500			3.5	13-FEB-2026	273505.22
156388384	Put	Purchased	100			6025	02-SEP-2025	-6292.64
156388880	Put	Purchased	100			6235	29-AUG-2025	-1669.68
156388606	Put	Written	100			6375	23-SEP-2025	49147.52
159366716	Call	Purchased				4.43	06-AUG-2035	-1915243.74
158362986	Call	Purchased	1			3.565	15-SEP-2026	102614.18
160530585	Put	Purchased		500000000	USD	99	17-DEC-2025	2354.77
156406417	Call	Purchased	1			4.025	23-APR-2030	-67209
156401943	Call	Purchased	1			3.95	29-APR-2030	-14199.79
159164031	Put	Written	10			5150	17-OCT-2025	169192.08
159177011	Call	Purchased	1			19	16-OCT-2025	-616117.09
159183933	Call	Purchased	1			1	28-NOV-2028	11169600.64
159171788	Call	Purchased	100			42	17-OCT-2025	-443901.53
159172745	Put	Purchased	1			1.75	02-DEC-2025	988374.75
159173953	Call	Written	200000			104.5	24-OCT-2025	-32734.4
159176182	Call	Purchased	100			67	17-OCT-2025	-1186640.32
158643884	Call	Written	100			100	16-JAN-2026	1606805.92
159268189	Call	Written				129.5	24-OCT-2025	-11139.42
159274521	Put	Written				3.69	10-OCT-2025	-24653.77
159268197	Call	Written				130.5	24-OCT-2025	83038.31
156369841	Call	Purchased	1			4.03	25-APR-2030	-85298
156389304	Put	Purchased	100			5975	02-SEP-2025	-3589.68
159370765	Put	Purchased				6	22-OCT-2025	-1242279.8
156317269	Call	Written	100			140	17-OCT-2025	125697.82
156401874	Put	Purchased	1			4.01	20-DEC-2029	-14687.97
156402188	Call	Purchased	1			3.837	22-JUL-2026	-56712.16
159172003	Put	Written	100			217	30-SEP-2025	14718.58
159178404	Call	Purchased	100			830	21-NOV-2025	-327706.69
159181608	Put	Purchased	1			65	18-MAR-2026	472.46
159178916	Call	Written	1			3.25	14-JAN-2026	124281.32
159162478	Call	Purchased	100			17	17-OCT-2025	376954.21
158243434	Put	Written	-215500000			3.2	03-SEP-2027	-81325.37
158643863	Call	Written	100			220	16-JAN-2026	-184923.9
158643857	Call	Written	100			300	16-JAN-2026	660962.15
159422865	Put	Purchased				2.18	21-JUL-2032	31954997.97
159277008	Call	Written				3.33	14-OCT-2025	98306.25
157702372	Call	Written	100			150	16-JAN-2026	291578.75
157702989	Call	Written	100			230	21-NOV-2025	-3085771.25
157702022	Call	Written	100			110	19-DEC-2025	80265.5
156398923	Call	Purchased	1			4.11	23-AUG-2027	-78002.78
156455980	Call	Purchased	1			3.9	08-JUL-2026	-379516.2
158499818	Put	Purchased	100000			111	24-OCT-2025	-3179620.56
156387470	Put	Purchased	100			5375	29-AUG-2025	-51514.88
159367073	Put	Purchased				98.88	07-OCT-2025	-261872.9
156351995	Put	Purchased	1			3.804	25-AUG-2026	105298.63
159178271	Call	Written	100			280	21-NOV-2025	107143.67
159167417	Call	Purchased	100			390	17-OCT-2025	-218745.47
159181535	Put	Purchased	1			105.5	15-OCT-2025	-138368.39
159181012	Put	Purchased	1			1.9	11-MAR-2026	123971.79
159166199	Call	Purchased	1			.01	07-JUL-2033	5499552.69
157666188	Call	Purchased	1000000			97	12-DEC-2025	-958696.92
158643942	Call	Written	100			890	16-JAN-2026	445756.5
158499730	Call	Purchased	1			2485.5216	11-MAR-2031	1976797.95
156389111	Put	Written	100			6325	02-SEP-2025	31156.32
156389407	Call	Purchased	1			2.965	05-AUG-2026	-3149.8
156389987	Put	Purchased	1			4.656	20-AUG-2035	-269.01
160531458	Call	Purchased		190735000	USD	1.303	13-MAY-2026	-137253.05
160530721	Call	Written	2500			99.25	12-DEC-2025	-1202.46
156403772	Put	Purchased	1			4.03	25-APR-2030	-53097.42
158975039	Call	Purchased	1			0	02-AUG-2030	26518.6
159182160	Call	Purchased	100			225	17-OCT-2025	2205386.05
159167931	Put	Purchased	1			41991.79	10-OCT-2025	-349357.5
159176695	Put	Purchased	1			147.5	01-OCT-2025	-8499
159174780	Call	Purchased	10			5400	19-DEC-2025	1171035.08
159795659	Put	Purchased	193207000			1.12	14-JAN-2026	-737039.78
157819815	Call	Purchased	962.13			.01	28-APR-2033	0
159387239	Put	Purchased				2.18	21-JUL-2032	2766521.03
159284412	Call	Written				3.51	06-OCT-2025	273764.55
157703444	Call	Written	100			325	21-NOV-2025	1738667.75
159346754	Put	Written				111.5	24-OCT-2025	-11376.96
156393512	Call	Written	.01			7.85	24-AUG-2026	-11400.48
156396139	Put	Purchased	100			5825	10-SEP-2025	-36436.7
156457740	Put	Purchased	1			4.065	02-MAY-2030	-55226.45
159370741	Put	Written				4.22	07-OCT-2025	261619.38
159376237	Put	Purchased				5	31-MAR-2026	-322152.77
159371002	Put	Purchased				4.69	27-AUG-2035	-1504677.6
159275659	Call	Written				113.5	24-OCT-2025	-3222.08
159385030	Call	Purchased				2.11	26-JUL-2032	-1470502.95
159344150	Call	Written				3.51	06-OCT-2025	158839.5
159345713	Call	Written				114	24-OCT-2025	143889.02
159342224	Put	Written				2.79	06-OCT-2025	50977.73
158496310	Put	Purchased		425204000	USD	7	16-JAN-2026	-1672778.06
158502038	Call	Purchased	1			11.5	01-FEB-2026	-265088.88
156369911	Call	Purchased	1			3.95	29-APR-2030	-86025.03
156380934	Put	Purchased	1			4.075	24-APR-2030	-180315.74
156391332	Put	Written	100			6400	02-SEP-2025	21595.32
159376524	Put	Purchased				4.46	06-AUG-2035	-2851879.62
159270959	Call	Written				7.85	24-AUG-2026	-10012.06
159276823	Put	Purchased				387	17-DEC-2025	-8469.05
159269462	Call	Purchased				10.13	14-OCT-2025	-39409.22
159272763	Put	Written				2.75	17-OCT-2025	109.82
157681088	Call	Purchased	1163990			3	04-DEC-2033	-1.04
159386475	Call	Purchased				.01	01-AUG-2035	-614.53
156084144	Call	Purchased	1000000			97	12-SEP-2025	-803663.83
156392230	Put	Written	100			6390	09-SEP-2025	16220.34
156391717	Put	Purchased	100			5750	19-SEP-2025	-2980.46
160402093	Put	Written	-91400000			3.79	28-JAN-2026	-303822.74
160396922	Put	Purchased	434221000			55	19-NOV-2025	-376721.46
159369974	Put	Purchased				4.63	22-MAY-2035	-1393346.74
159368251	Put	Purchased				98.89	07-OCT-2025	-183748.53
159371237	Call	Purchased				2.5	03-OCT-2025	-499791.67
158357450	Call	Purchased	1			3.887	17-SEP-2030	35967.79
156363499	Put	Purchased	1			4.075	24-APR-2030	-51761.67
156414907	Call	Written	1			3.598	22-SEP-2025	-1516.72
156392210	Put	Written	1			3.898	22-SEP-2025	14957.7
159179108	Call	Written	100			110	19-DEC-2025	70913.95
159185971	Put	Written	1			2	11-MAR-2026	-71821.97
159185712	Put	Written	100			210	21-NOV-2025	103387.8
159176310	Call	Written	1			515.26	11-DEC-2025	-25153.63
159182702	Put	Purchased	1			19.5	13-NOV-2025	-40220.79
159276226	Put	Written				5.25	18-NOV-2025	-36609.6
159184836	Put	Written	50			205	21-NOV-2025	8452.78
159183300	Call	Purchased	1			1	06-JUN-2033	-53530.71
159164476	Put	Written	1			2	02-DEC-2025	51876.73
159188022	Call	Purchased	1			11.5	04-JUN-2026	-366275.5
159288885	Put	Purchased				1.11	26-NOV-2025	-164954.37
157702390	Call	Written	100			165	21-NOV-2025	1852271
156456943	Put	Purchased	1			3.837	22-JUL-2026	-15073.39
158243462	Call	Written	-50000000			3.92	03-SEP-2027	-98752.65
159444141	Call	Purchased				2.17	19-JUL-2032	-19141713.92
157289179	Put	Purchased	1			4.22	31-MAR-2026	-2236807.01
159345370	Put	Written				3.69	10-OCT-2025	-22376.69
158643833	Call	Written	100			330	16-JAN-2026	743032.78
159295612	Put	Written				2.79	06-OCT-2025	104337.6
159306266	Put	Written				111	24-OCT-2025	100294.98
157702511	Call	Written	100			80	21-NOV-2025	839057.5
156390778	Call	Purchased	1			4.6275	21-AUG-2035	-25179.41
158712393	Call	Purchased	1			1.5	31-DEC-2099	41974.02
159124419	Call	Purchased	1			10	27-JUN-2029	133400.35
159346688	Put	Written				111	24-OCT-2025	59653.06
156391229	Put	Written	100			6230	29-AUG-2025	43552.04
158644077	Call	Written	100			360	16-JAN-2026	753017.48
158643866	Call	Written	100			330	16-JAN-2026	5190316.81
158643948	Call	Written	100			520	16-JAN-2026	2211328
158643785	Call	Written	100			175	16-JAN-2026	713597.94
157703451	Call	Written	100			440	21-NOV-2025	2690682.75
157702813	Call	Written	100			110	21-NOV-2025	299303
156399647	Put	Purchased	100			5850	24-SEP-2025	9047.3
156399285	Put	Purchased	1			4.485	31-JUL-2035	64426.59
160531110	Call	Purchased	2500			99.75	12-DEC-2025	-14057.92
159438624	Put	Written				.03	25-JUL-2026	35554234.86
159436630	Put	Written				41.6	12-NOV-2025	877967.2
159422372	Call	Purchased				2.4	20-JUL-2027	-17696941.37
157703724	Call	Written	100			75	21-NOV-2025	429265.5
157703256	Call	Written	100			170	21-NOV-2025	1389635.5
156397799	Call	Purchased	1			3.1625	23-AUG-2027	161880.09
156387704	Put	Purchased	100			5825	12-SEP-2025	-40570.37
156388114	Put	Purchased	100			5800	30-SEP-2025	1315.79
160404108	Put	Purchased	434446000			55	19-NOV-2025	-473580.9
159368425	Call	Purchased				4.44	18-JUN-2035	-1620345.51
159368519	Put	Purchased				97.09	07-OCT-2025	-319373.54
159370005	Put	Purchased				3.4	19-MAY-2027	-310896.48
158357134	Call	Purchased	1			4.075	24-APR-2030	-255553.59
156417582	Put	Written	100000			110.5	26-SEP-2025	18275.46
156410276	Put	Written	1			3.995	29-AUG-2025	10449.62
156349796	Call	Purchased	1			3.95	29-APR-2030	-78007.05
156407812	Put	Written	1			3.87	04-SEP-2025	10924.25
159171202	Call	Purchased	1			18.7	15-OCT-2025	-67619.54
159175722	Put	Written	100			6100	21-NOV-2025	4797.5
159184109	Put	Written	1			1.315	21-OCT-2025	106217.98
159176949	Call	Written	1			1.23	09-MAR-2026	80040.49
159795624	Put	Purchased	12467000			2.6311	01-APR-2026	-167495.39
159386318	Call	Written				56.9	12-NOV-2025	78323.2
160010515	Call	Purchased	1			1	17-JUN-2026	926.65
156084158	Call	Written	1000000			96.25	12-SEP-2025	644570.74
159343661	Put	Written				3.7	06-OCT-2025	49038.5
159370570	Put	Purchased				98.96	07-OCT-2025	-281207.81
159371278	Call	Purchased				3.1	09-OCT-2025	-224973.07
159369094	Call	Purchased				4.63	22-MAY-2035	-979162.22
156408684	Call	Written	100000			114	26-SEP-2025	8109.78
159107332	Call	Purchased	.2			47.5	11-MAR-2028	10692.5
159160721	Call	Purchased	1			1	30-MAR-2029	408270.51
159181572	Call	Written	1			1.18	02-OCT-2025	154758.78
159172219	Put	Written	1			5.25	12-DEC-2025	-147663.88
159181702	Put	Written	1			2.9	24-JUN-2026	-353989.14
159301091	Put	Purchased				1.13	14-OCT-2025	-825423.73
156399243	Call	Purchased	1			2.972	06-AUG-2026	-3245.24
158496965	Call	Purchased	1			11.5	31-DEC-2027	-28819.64
156388991	Put	Written	100			6405	29-AUG-2025	26332.04
159169094	Call	Purchased	1			11.1747	07-JUL-2033	544874.57
159183822	Call	Purchased	10			5900	19-DEC-2025	47320.54
159188452	Call	Purchased	1			1	22-OCT-2030	17085.95
159176933	Put	Written	1			70	18-FEB-2026	-1623.13
158644003	Call	Written	100			565	16-JAN-2026	271704.37
158643795	Call	Written	100			250	16-JAN-2026	1951002
157702874	Put	Written	100			85	21-NOV-2025	564182.75
156399171	Put	Written	1			4.131	06-NOV-2025	13230.14
156449588	Call	Purchased	1			3.95	29-APR-2030	-78894.53
156367134	Put	Purchased	1			4.108	28-JAN-2026	364564.78
156387853	Put	Purchased	100			5950	16-SEP-2025	-1552.46
